{
 "health": {
  "status": "ok",
  "agent_ready": true,
  "browser": "connected",
  "commander": "ready",
  "platform": "deepseek",
  "port": 8888
 },
 "command_newconv": {
  "type": "accepted",
  "text": "命令已接收，正在处理...",
  "async_task": true
 },
 "sse_events_20s": [
  [
   "thinking",
   "{\"text\": \"已思考（用时 2 秒）\\n\\n任务已经完成，用户没有新指令，只是系统在提示我继续。PPT 已经确认生成在桌面。我应该直接调用 done() 结束。\\n\\n任务已经完成，无需再执行任何工具。\\n\\n\\n\\nAI 主题 PPT（7 页）已生成到桌面：\\n\\n📄 C"
  ],
  [
   "correction_sent",
   "{\"text\": \"模型想用自然语言收尾，已警告：必须显式调用 done() 协议才算结束\"}"
  ],
  [
   "command_detected",
   "{\"tool\": \"done\", \"id\": \"\"}"
  ],
  [
   "tool_start",
   "{\"tool\": \"done\"}"
  ],
  [
   "tool_end",
   "{\"tool\": \"done\", \"status\": \"success\", \"output\": \"任务完成\"}"
  ],
  [
   "command_success",
   "\"ExecutionResult(id='9', status='success', tool='done', output='任务完成', error='')\""
  ],
  [
   "ai_final_reply",
   "{\"type\": \"ai\", \"text\": \"已思考（用时 1 秒）\\n\\nThe task is done. I need to output the done protocol properly.\\n\\n任务已完成，桌面上已确认存在生成的 PPT 文件，现在按协议正式结束。"
  ],
  [
   "task_started",
   "{\"task_id\": \"task_1789870492746\", \"title\": \"新对话\", \"platform\": \"deepseek\"}"
  ],
  [
   "task_started",
   "{\"task_id\": \"task_1789870497328\", \"title\": \"GUI验收-请原样回这句话:仙人掌测试\", \"platform\": \"deepseek\"}"
  ],
  [
   "ai_final_reply",
   "{\"type\": \"system\", \"text\": \"已开启一个全新的独立对话（此前的对话已作为独立任务保留在历史中）\", \"task_id\": \"task_1789870492746\"}"
  ],
  [
   "ai_final_reply",
   "{\"type\": \"ai\", \"text\": \"[错误] AI 调用失败: 消息发送失败\", \"task_id\": \"task_1789870497328\"}"
  ],
  [
   "task_started",
   "{\"task_id\": \"task_1789871070086\", \"title\": \"新对话\", \"platform\": \"deepseek\"}"
  ],
  [
   "task_started",
   "{\"task_id\": \"task_1789871074506\", \"title\": \"GUI验收-请原样回这句话:仙人掌测试\", \"platform\": \"deepseek\"}"
  ],
  [
   "ai_final_reply",
   "{\"type\": \"system\", \"text\": \"已开启一个全新的独立对话（此前的对话已作为独立任务保留在历史中）\", \"task_id\": \"task_1789871070086\"}"
  ],
  [
   "ai_final_reply",
   "{\"type\": \"ai\", \"text\": \"[错误] AI 调用失败: 消息发送失败\", \"task_id\": \"task_1789871074506\"}"
  ],
  [
   "task_started",
   "{\"task_id\": \"task_1789872424445\", \"title\": \"新对话\", \"platform\": \"deepseek\"}"
  ],
  [
   "task_started",
   "{\"task_id\": \"task_1789872433744\", \"title\": \"GUI验收-请原样回这句话:仙人掌测试\", \"platform\": \"deepseek\"}"
  ],
  [
   "ai_final_reply",
   "{\"type\": \"system\", \"text\": \"已开启一个全新的独立对话（此前的对话已作为独立任务保留在历史中）\", \"task_id\": \"task_1789872424445\"}"
  ],
  [
   "ai_final_reply",
   "{\"type\": \"ai\", \"text\": \"[错误] AI 调用失败: 消息发送失败\", \"task_id\": \"task_1789872433744\"}"
  ],
  [
   "task_started",
   "{\"task_id\": \"task_1789879921090\", \"title\": \"@@@@{\\\"tool\\\":\\\"session_manager\\\",\\\"action\\\":\\\"create\\\"}@@\", \"platform\": \"deepseek\"}"
  ],
  [
   "ai_final_reply",
   "{\"type\": \"ai\", \"text\": \"[错误] AI 调用失败: 浏览器重启失败：页面未初始化\", \"task_id\": \"task_1789879921090\"}"
  ],
  [
   "task_started",
   "{\"task_id\": \"task_1789880454165\", \"title\": \"新对话\", \"platform\": \"deepseek\"}"
  ],
  [
   "ai_final_reply",
   "{\"type\": \"system\", \"text\": \"已开启一个全新的独立对话（此前的对话已作为独立任务保留在历史中）\", \"task_id\": \"task_1789880454165\"}"
  ],
  [
   "task_started",
   "{\"task_id\": \"task_1789880492063\", \"title\": \"新对话\", \"platform\": \"deepseek\"}"
  ],
  [
   "ai_final_reply",
   "{\"type\": \"system\", \"text\": \"已开启一个全新的独立对话（此前的对话已作为独立任务保留在历史中）\", \"task_id\": \"task_1789880492063\"}"
  ]
 ],
 "conversations": {
  "tasks": [
   {
    "id": "deepseek_20260920_083831_44741",
    "platform": "deepseek",
    "url": "https://chat.deepseek.com/a/chat/s/6e2e5175-d1ae-4833-a807-0f88a3a5b4a9",
    "title": "在桌面创建一个word报告，简述今日新闻",
    "file": "D:\\软件\\XianRenZhangAgent\\xrz_data\\XianRenZhang_tasks\\conversations\\conv_deepseek_20260920_083831.json",
    "created_at": "2026-09-20T08:38:31.795407",
    "updated_at": "2026-09-20T09:01:02.501684"
   },
   {
    "id": "deepseek_20260916_083110_39137",
    "platform": "deepseek",
    "url": "https://chat.deepseek.com/a/chat/s/adb806b7-41f5-4754-b176-712cc0e5ae3c",
    "title": "用一句话告诉我：多肉植物为什么耐旱？",
    "file": "D:\\软件\\XianRenZhangAgent\\xrz_data\\XianRenZhang_tasks\\conversations\\conv_deepseek_20260916_083110.json",
    "created_at": "2026-09-16T08:31:10.039116",
    "updated_at": "2026-09-16T08:31:27.581495"
   },
   {
    "id": "doubao_20260916_080718_48161",
    "platform": "doubao",
    "url": "https://www.doubao.com/chat/local_2374121213513433",
    "title": "上一条你答的对不对？再补 1 条多肉植物光照要点。",
    "file": "D:\\软件\\XianRenZhangAgent\\xrz_data\\XianRenZhang_tasks\\conversations\\conv_doubao_20260916_080718.json",
    "created_at": "2026-09-16T08:07:18.901505",
    "updated_at": "2026-09-16T08:09:59.931976"
   },
   {
    "id": "deepseek_20260916_080616_28130",
    "platform": "deepseek",
    "url": "https://chat.deepseek.com/a/chat/s/ca9caffe-45f4-4bf4-9ab1-31ca10aadc0d",
    "title": "用一句话告诉我：多肉植物为什么耐旱？",
    "file": "D:\\软件\\XianRenZhangAgent\\xrz_data\\XianRenZhang_tasks\\conversations\\conv_deepseek_20260916_080616.json",
    "created_at": "2026-09-16T08:06:16.687622",
    "updated_at": "2026-09-16T08:06:23.501124"
   },
   {
    "id": "doubao_20260916_074049_52408",
    "platform": "doubao",
    "url": "https://www.doubao.com/chat/local_1462368517815157",
    "title": "上一条你答的对不对？再补 1 条多肉植物光照要点。",
    "file": "D:\\软件\\XianRenZhangAgent\\xrz_data\\XianRenZhang_tasks\\conversations\\conv_doubao_20260916_074049.json",
    "created_at": "2026-09-16T07:40:49.579095",
    "updated_at": "2026-09-16T07:43:33.113682"
   },
   {
    "id": "deepseek_20260916_073955_66994",
    "platform": "deepseek",
    "url": "https://chat.deepseek.com/a/chat/s/6593dd39-cf86-4c3d-8672-d9cad9d39ead",
    "title": "用一句话告诉我：多肉植物为什么耐旱？",
    "file": "D:\\软件\\XianRenZhangAgent\\xrz_data\\XianRenZhang_tasks\\conversations\\conv_deepseek_20260916_073955.json",
    "created_at": "2026-09-16T07:39:55.714942",
    "updated_at": "2026-09-16T07:40:01.520301"
   },
   {
    "id": "doubao_20260916_073456_00620",
    "platform": "doubao",
    "url": "https://www.doubao.com/chat/local_2555464611991519",
    "title": "上一条你答的对不对？再补 1 条多肉植物光照要点。",
    "file": "D:\\软件\\XianRenZhangAgent\\xrz_data\\XianRenZhang_tasks\\conversations\\conv_doubao_20260916_073456.json",
    "created_at": "2026-09-16T07:34:56.803971",
    "updated_at": "2026-09-16T07:37:41.984998"
   },
   {
    "id": "deepseek_20260916_073400_14245",
    "platform": "deepseek",
    "url": "https://chat.deepseek.com/a/chat/s/44215b96-1047-42a9-b4aa-529eb066c039",
    "title": "用一句话告诉我：多肉植物为什么耐旱？",
    "file": "D:\\软件\\XianRenZhangAgent\\xrz_data\\XianRenZhang_tasks\\conversations\\conv_deepseek_20260916_073400.json",
    "created_at": "2026-09-16T07:34:00.683726",
    "updated_at": "2026-09-16T07:34:07.577708"
   },
   {
    "id": "doubao_20260916_072950_53161",
    "platform": "doubao",
    "url": "https://www.doubao.com/chat/local_1849823523218811",
    "title": "上一条你答的对不对？再补 1 条多肉植物光照要点。",
    "file": "D:\\软件\\XianRenZhangAgent\\xrz_data\\XianRenZhang_tasks\\conversations\\conv_doubao_20260916_072950.json",
    "created_at": "2026-09-16T07:29:50.547914",
    "updated_at": "2026-09-16T07:32:35.030926"
   },
   {
    "id": "deepseek_20260916_072848_10453",
    "platform": "deepseek",
    "url": "https://chat.deepseek.com/a/chat/s/1b14d7b0-ee55-44fb-b074-2427a57b758c",
    "title": "用一句话告诉我：多肉植物为什么耐旱？",
    "file": "D:\\软件\\XianRenZhangAgent\\xrz_data\\XianRenZhang_tasks\\conversations\\conv_deepseek_20260916_072848.json",
    "created_at": "2026-09-16T07:28:48.686295",
    "updated_at": "2026-09-16T07:28:54.617024"
   },
   {
    "id": "doubao_20260916_071948_89974",
    "platform": "doubao",
    "url": "https://www.doubao.com/chat/local_2191762101141831",
    "title": "上一条你答的对不对？再补 1 条多肉植物光照要点。",
    "file": "D:\\软件\\XianRenZhangAgent\\xrz_data\\XianRenZhang_tasks\\conversations\\conv_doubao_20260916_071948.json",
    "created_at": "2026-09-16T07:19:48.575129",
    "updated_at": "2026-09-16T07:22:32.889233"
   },
   {
    "id": "deepseek_20260916_071846_25351",
    "platform": "deepseek",
    "url": "https://chat.deepseek.com/a/chat/s/63d77b8c-d43b-4cc4-acad-5a82db286e0f",
    "title": "用一句话告诉我：多肉植物为什么耐旱？",
    "file": "D:\\软件\\XianRenZhangAgent\\xrz_data\\XianRenZhang_tasks\\conversations\\conv_deepseek_20260916_071846.json",
    "created_at": "2026-09-16T07:18:46.784680",
    "updated_at": "2026-09-16T07:18:53.729790"
   },
   {
    "id": "doubao_20260916_065635_63740",
    "platform": "doubao",
    "url": "https://www.doubao.com/chat/local_4510822543161703",
    "title": "用一句话告诉我：多肉植物为什么耐旱？",
    "file": "D:\\软件\\XianRenZhangAgent\\xrz_data\\XianRenZhang_tasks\\conversations\\conv_doubao_20260916_065635.json",
    "created_at": "2026-09-16T06:56:35.908342",
    "updated_at": "2026-09-16T07:02:37.947080"
   },
   {
    "id": "deepseek_20260915_232836_57591",
    "platform": "deepseek",
    "url": "https://chat.deepseek.com/a/chat/s/f0008fe4-6c39-4bf4-a95b-9db37919909c",
    "title": "把多肉植物养护的 2 个要点写进 Word 文档「多肉养护.docx」（标题 + 正文 2 条：控水、光照）。不需要上网搜索，直接凭知识写 2 条要点即可。完成后调用 done。",
    "file": "D:\\软件\\XianRenZhangAgent\\xrz_data\\XianRenZhang_tasks\\conversations\\conv_deepseek_20260915_232836.json",
    "created_at": "2026-09-15T23:28:36.563200",
    "updated_at": "2026-09-15T23:29:51.215880"
   },
   {
    "id": "doubao_20260915_231420_05557",
    "platform": "doubao",
    "url": "https://www.doubao.com/chat/local_1172412107125152",
    "title": "把多肉植物养护的 2 个要点写进 Word 文档「多肉养护.docx」（标题 + 正文 2 条：控水、光照）。不需要上网搜索，直接凭知识写 2 条要点即可。完成后调用 done。",
    "file": "D:\\软件\\XianRenZhangAgent\\xrz_data\\XianRenZhang_tasks\\conversations\\conv_doubao_20260915_231420.json",
    "created_at": "2026-09-15T23:14:20.489545",
    "updated_at": "2026-09-15T23:16:56.185691"
   },
   {
    "id": "doubao_20260915_193943_08091",
    "platform": "doubao",
    "url": "https://www.doubao.com/chat/local_1971427880882392",
    "title": "【必须使用子代理】请严格按顺序执行：\n第1步：必须用 task 工具（type=research）委派一个 research 子代理，让它研究『多肉植物养护的 2 个要点』并总结成 2 条。不要跳过这一步。\n第2步：用 wait_task 等子代理跑完，拿到它的发现。\n第3步：把子代理的发现用 docx_create 写成 Word 文档 D:/软件/XianRenZhangAgent/xrz_d",
    "file": "D:\\软件\\XianRenZhangAgent\\xrz_data\\XianRenZhang_tasks\\conversations\\conv_doubao_20260915_193943.json",
    "created_at": "2026-09-15T19:39:43.025491",
    "updated_at": "2026-09-15T22:49:37.851535"
   },
   {
    "id": "doubao_20260915_193954_98640",
    "platform": "doubao",
    "url": "https://www.doubao.com/chat/38441734880632834",
    "title": "=== 子代理任务（类型：research） ===\n\n任务描述：研究多肉植物养护的 2 个要点，并总结成清晰的 2 条要点。\n\n=== 协议格式（必须遵守） ===\n所有工具调用必须用 @@@@ 包裹：\n@@@@\n{\"tool\":\"工具名\",\"params\":{...},\"id\":\"唯一标识\"}\n@@@@\n\n=== 可用工具 ===\n- file_write: 写入文件（参数 path, con",
    "file": "D:\\软件\\XianRenZhangAgent\\xrz_data\\XianRenZhang_tasks\\conversations\\conv_doubao_20260915_193954.json",
    "created_at": "2026-09-15T19:39:54.566716",
    "updated_at": "2026-09-15T19:40:25.701950"
   },
   {
    "id": "tongyi_20260915_193043_47812",
    "platform": "tongyi",
    "url": "https://chat.qwen.ai/c/c9fadce2-3f3a-4b0c-9bdf-7ccde69c3d17",
    "title": "【必须使用子代理】请严格按顺序执行：\n第1步：必须用 task 工具（type=research）委派一个 research 子代理，让它研究『多肉植物养护的 2 个要点』并总结成 2 条。不要跳过这一步。\n第2步：用 wait_task 等子代理跑完，拿到它的发现。\n第3步：把子代理的发现用 docx_create 写成 Word 文档 D:/软件/XianRenZhangAgent/xrz_d",
    "file": "D:\\软件\\XianRenZhangAgent\\xrz_data\\XianRenZhang_tasks\\conversations\\conv_tongyi_20260915_193043.json",
    "created_at": "2026-09-15T19:30:43.437396",
    "updated_at": "2026-09-15T19:39:07.809102"
   },
   {
    "id": "tongyi_20260915_193102_27237",
    "platform": "tongyi",
    "url": "https://chat.qwen.ai/c/74624ebc-830a-430b-9df0-d9aebd1f484f",
    "title": "=== 子代理任务（类型：research） ===\n\n任务描述：研究『多肉植物养护的 2 个要点』并总结成 2 条。\n\n=== 协议格式（必须遵守） ===\n所有工具调用必须用 @@@@ 包裹：\n@@@@\n{\"tool\":\"工具名\",\"params\":{...},\"id\":\"唯一标识\"}\n@@@@\n\n=== 可用工具 ===\n- file_write: 写入文件（参数 path, content",
    "file": "D:\\软件\\XianRenZhangAgent\\xrz_data\\XianRenZhang_tasks\\conversations\\conv_tongyi_20260915_193101.json",
    "created_at": "2026-09-15T19:31:02.013797",
    "updated_at": "2026-09-15T19:31:39.485930"
   },
   {
    "id": "deepseek_20260915_125725_66460",
    "platform": "deepseek",
    "url": "https://chat.deepseek.com/a/chat/s/53d5cdbb-23a4-4808-b00a-a439050e485f",
    "title": "【必须使用子代理，不得用常识兜底】请严格按这个顺序、分多步执行：\n第1步：必须用 task 工具（type=research）委派一个 research 子代理，让它研究『仙人掌上 2 个有趣冷知识』并总结成 2 条。不要跳过这一步。\n第2步：用 wait_task 等子代理跑完，拿到它的发现。\n第3步：把子代理的发现用 docx_create 写成 Word 文档 D:/软件/XianRenZh",
    "file": "D:\\软件\\XianRenZhangAgent\\xrz_data\\XianRenZhang_tasks\\conversations\\conv_deepseek_20260915_125725.json",
    "created_at": "2026-09-15T12:57:25.790462",
    "updated_at": "2026-09-15T12:58:20.534963"
   },
   {
    "id": "deepseek_20260915_125732_80482",
    "platform": "deepseek",
    "url": "https://chat.deepseek.com/a/chat/s/211c3ff7-38f3-4e02-b7e1-f9d65e25baff",
    "title": "=== 子代理任务（类型：research） ===\n\n任务描述：请研究『仙人掌上 2 个有趣冷知识』，总结成 2 条简洁的中文冷知识，每条一行，带序号。只输出这 2 条内容即可。\n\n=== 协议格式（必须遵守） ===\n所有工具调用必须用 @@@@ 包裹：\n@@@@\n{\"tool\":\"工具名\",\"params\":{...},\"id\":\"唯一标识\"}\n@@@@\n\n=== 可用工具 ===\n- fi",
    "file": "D:\\软件\\XianRenZhangAgent\\xrz_data\\XianRenZhang_tasks\\conversations\\conv_deepseek_20260915_125732.json",
    "created_at": "2026-09-15T12:57:32.738377",
    "updated_at": "2026-09-15T12:58:03.571961"
   },
   {
    "id": "deepseek_20260915_123001_54551",
    "platform": "deepseek",
    "url": "https://chat.deepseek.com/a/chat/s/49b70c6b-ae56-4af8-97f2-9a352d2940a0",
    "title": "=== 子代理任务（类型：research） ===\n\n任务描述：请研究『仙人掌上 2 个有趣冷知识』，并总结成 2 条简洁的冷知识。每条包含：一句标题 + 2~3 句解释。请直接给出研究结论文本，不要写文件。\n\n=== 协议格式（必须遵守） ===\n所有工具调用必须用 @@@@ 包裹：\n@@@@\n{\"tool\":\"工具名\",\"params\":{...},\"id\":\"唯一标识\"}\n@@@@\n\n==",
    "file": "D:\\软件\\XianRenZhangAgent\\xrz_data\\XianRenZhang_tasks\\conversations\\conv_deepseek_20260915_123001.json",
    "created_at": "2026-09-15T12:30:01.871445",
    "updated_at": "2026-09-15T12:38:52.690642"
   },
   {
    "id": "deepseek_20260915_121908_03581",
    "platform": "deepseek",
    "url": "https://chat.deepseek.com/a/chat/s/4d00272b-281a-4f95-a36c-a45d2295d09c",
    "title": "请严格按这个顺序、分多步执行：\n第1步：用 task 工具委派一个 research 子代理，让它研究『仙人掌上 2 个有趣冷知识』并总结成 2 条。\n第2步：用 wait_task 等子代理跑完，拿到它的发现。\n第3步：把子代理的发现用 docx_create 写成 Word 文档 D:/软件/XianRenZhangAgent/xrz_data/XianRenZhang_tasks/gui_s",
    "file": "D:\\软件\\XianRenZhangAgent\\xrz_data\\XianRenZhang_tasks\\conversations\\conv_deepseek_20260915_121908.json",
    "created_at": "2026-09-15T12:19:08.569571",
    "updated_at": "2026-09-15T12:35:16.858765"
   },
   {
    "id": "deepseek_20260914_212859_10692",
    "platform": "deepseek",
    "url": "https://chat.deepseek.com/a/chat/s/6afbbc04-7c8c-470a-aa84-c33a881e3dc3",
    "title": "请严格按顺序、分多步执行，不要一次性口述：\n第1步：用 file_write 创建文件 D:/软件/XianRenZhangAgent/xrz_data/XianRenZhang_tasks/gui_session\\notepad_test.txt ，内容只写一行：hello xrz multi turn ok\n第2步：用 docx_create 生成 Word 文档 D:/软件/XianRenZ",
    "file": "D:\\软件\\XianRenZhangAgent\\xrz_data\\XianRenZhang_tasks\\conversations\\conv_deepseek_20260914_212859.json",
    "created_at": "2026-09-14T21:28:59.508211",
    "updated_at": "2026-09-14T21:59:49.136449"
   },
   {
    "id": "deepseek_20260914_212101_81607",
    "platform": "deepseek",
    "url": "https://chat.deepseek.com/a/chat/s/888ba0df-649c-42f8-a0f4-93eaf658dadd",
    "title": "(无标题对话)",
    "file": "D:\\软件\\XianRenZhangAgent\\xrz_data\\XianRenZhang_tasks\\conversations\\conv_deepseek_20260914_212101.json",
    "created_at": "2026-09-14T21:21:01.363835",
    "updated_at": "2026-09-14T21:21:08.352881"
   },
   {
    "id": "deepseek_20260914_201008_12945",
    "platform": "deepseek",
    "url": "https://chat.deepseek.com/a/chat/s/64af59ea-3a78-4678-a6ec-47fcd035005e",
    "title": "(无标题对话)",
    "file": "D:\\软件\\XianRenZhangAgent\\xrz_data\\XianRenZhang_tasks\\conversations\\conv_deepseek_20260914_201008.json",
    "created_at": "2026-09-14T20:10:08.235730",
    "updated_at": "2026-09-14T20:11:25.604123"
   },
   {
    "id": "deepseek_20260914_200434_98994",
    "platform": "deepseek",
    "url": "https://chat.deepseek.com/a/chat/s/ebff8085-7826-421c-91f6-6bd294ce4906",
    "title": "(无标题对话)",
    "file": "D:\\软件\\XianRenZhangAgent\\xrz_data\\XianRenZhang_tasks\\conversations\\conv_deepseek_20260914_200434.json",
    "created_at": "2026-09-14T20:04:34.125548",
    "updated_at": "2026-09-14T20:04:55.061553"
   },
   {
    "id": "deepseek_20260914_193156_10069",
    "platform": "deepseek",
    "url": "https://chat.deepseek.com/a/chat/s/f463c67a-086d-4040-b5f1-88f570fb0847",
    "title": "(无标题对话)",
    "file": "D:\\软件\\XianRenZhangAgent\\xrz_data\\XianRenZhang_tasks\\conversations\\conv_deepseek_20260914_193156.json",
    "created_at": "2026-09-14T19:31:56.324910",
    "updated_at": "2026-09-14T19:40:36.212932"
   },
   {
    "id": "tongyi_20260914_080709_59616",
    "platform": "tongyi",
    "url": "https://chat.qwen.ai/c/c2f381f3-8569-4174-93d0-8bf733957fa8",
    "title": "帮我用三句话讲清楚：什么是 AI Agent，以及你能帮我做哪些事（不要调用任何工具）",
    "file": "D:\\软件\\XianRenZhangAgent\\xrz_data\\XianRenZhang_tasks\\conversations\\conv_tongyi_20260914_080709.json",
    "created_at": "2026-09-14T08:07:09.776764",
    "updated_at": "2026-09-14T16:37:02.794348"
   },
   {
    "id": "doubao_20260914_081334_27000",
    "platform": "doubao",
    "url": "https://www.doubao.com/chat/38441499962108162",
    "title": "帮我用三句话讲清楚：什么是 AI Agent，以及你能帮我做哪些事（不要调用任何工具）",
    "file": "D:\\软件\\XianRenZhangAgent\\xrz_data\\XianRenZhang_tasks\\conversations\\conv_doubao_20260914_081334.json",
    "created_at": "2026-09-14T08:13:34.401597",
    "updated_at": "2026-09-14T16:32:48.518198"
   },
   {
    "id": "deepseek_20260914_082047_41599",
    "platform": "deepseek",
    "url": "https://chat.deepseek.com/a/chat/s/9f4b5320-54f8-4718-bcbb-3c488907f1ee",
    "title": "请阅读刚才上传的 PDF，用一句话概括它的主要内容\n\n[附件说明] 本任务附带了以下文件，它们已同步上传到平台网页，同时在本地磁盘保留有原件，请直接用 file_read 读取以下绝对路径，不要猜测其它路径：\n- D:\\软件\\XianRenZhangAgent\\xrz_data\\gui_attachments\\95e764f368e44cc49ce41127fd4ebe01.pdf\n[系统] 本轮",
    "file": "D:\\软件\\XianRenZhangAgent\\xrz_data\\XianRenZhang_tasks\\conversations\\conv_deepseek_20260914_082047.json",
    "created_at": "2026-09-14T08:20:47.451031",
    "updated_at": "2026-09-14T16:26:10.998731"
   },
   {
    "id": "deepseek_20260913_205337_45025",
    "platform": "deepseek",
    "url": "https://chat.deepseek.com/a/chat/s/2c81648b-1981-4115-a03e-4cac8a3d052b",
    "title": "帮我用三句话讲清楚：什么是 AI Agent，以及你能帮我做哪些事（不要调用任何工具）",
    "file": "D:\\软件\\XianRenZhangAgent\\xrz_data\\XianRenZhang_tasks\\conversations\\conv_deepseek_20260913_205337.json",
    "created_at": "2026-09-13T20:53:37.758396",
    "updated_at": "2026-09-14T07:29:45.654956"
   },
   {
    "id": "deepseek_20260914_072743_19810",
    "platform": "deepseek",
    "url": "https://chat.deepseek.com/a/chat/s/84d53c3d-70a0-4481-9083-0f23d0a22396",
    "title": "=== 子代理任务（类型：research） ===\n\n任务描述：深度研究: Python asyncio 基本用法与最佳实践 (最多访问 5 个页面)\n\n=== 协议格式（必须遵守） ===\n所有工具调用必须用 @@@@ 包裹：\n@@@@\n{\"tool\":\"工具名\",\"params\":{...},\"id\":\"唯一标识\"}\n@@@@\n\n=== 可用工具 ===\n- file_write: 写入文件",
    "file": "D:\\软件\\XianRenZhangAgent\\xrz_data\\XianRenZhang_tasks\\conversations\\conv_deepseek_20260914_072743.json",
    "created_at": "2026-09-14T07:27:43.027261",
    "updated_at": "2026-09-14T07:29:37.696396"
   },
   {
    "id": "deepseek_20260914_072615_46163",
    "platform": "deepseek",
    "url": "https://chat.deepseek.com/a/chat/s/31ded596-cf17-4e54-80bf-c4b40fcee784",
    "title": "=== 子代理任务（类型：research） ===\n\n任务描述：深度研究: Python asyncio 基本用法与最佳实践 (最多访问 5 个页面)\n\n=== 协议格式（必须遵守） ===\n所有工具调用必须用 @@@@ 包裹：\n@@@@\n{\"tool\":\"工具名\",\"params\":{...},\"id\":\"唯一标识\"}\n@@@@\n\n=== 可用工具 ===\n- file_write: 写入文件",
    "file": "D:\\软件\\XianRenZhangAgent\\xrz_data\\XianRenZhang_tasks\\conversations\\conv_deepseek_20260914_072615.json",
    "created_at": "2026-09-14T07:26:15.682921",
    "updated_at": "2026-09-14T07:27:28.507697"
   },
   {
    "id": "doubao_20260913_205804_99981",
    "platform": "doubao",
    "url": "https://www.doubao.com/chat/38441511990476290",
    "title": "帮我用三句话讲清楚：什么是 AI Agent，以及你能帮我做哪些事（不要调用任何工具）",
    "file": "D:\\软件\\XianRenZhangAgent\\xrz_data\\XianRenZhang_tasks\\conversations\\conv_doubao_20260913_205804.json",
    "created_at": "2026-09-13T20:58:04.949028",
    "updated_at": "2026-09-14T07:24:19.533894"
   },
   {
    "id": "tongyi_20260913_205712_03999",
    "platform": "tongyi",
    "url": "https://chat.qwen.ai/c/aee1e75c-a100-496e-9ad4-ef7bfdd58457",
    "title": "帮我用三句话讲清楚：什么是 AI Agent，以及你能帮我做哪些事（不要调用任何工具）",
    "file": "D:\\软件\\XianRenZhangAgent\\xrz_data\\XianRenZhang_tasks\\conversations\\conv_tongyi_20260913_205712.json",
    "created_at": "2026-09-13T20:57:12.839064",
    "updated_at": "2026-09-14T07:14:27.696066"
   },
   {
    "id": "deepseek_20260913_205116_08881",
    "platform": "deepseek",
    "url": "https://chat.deepseek.com/a/chat/s/7ed0fa30-e4fe-4907-a777-aeb638bd742b",
    "title": "请用 pptx_create 工具生成演示文稿，path 设为 D:\\软件\\XianRenZhangAgent\\xrz_data\\XianRenZhang_tasks\\mp3_probe.pptx，3页：第1页「综合测试」，第2页「功能展示」，第3页「谢谢」",
    "file": "D:\\软件\\XianRenZhangAgent\\xrz_data\\XianRenZhang_tasks\\conversations\\conv_deepseek_20260913_205116.json",
    "created_at": "2026-09-13T20:51:16.898206",
    "updated_at": "2026-09-13T20:51:23.668759"
   },
   {
    "id": "deepseek_20260913_204914_57856",
    "platform": "deepseek",
    "url": "https://chat.deepseek.com/a/chat/s/254e69d2-f26d-4efd-bff5-4984e11a746e",
    "title": "请用 pptx_create 工具生成演示文稿，path 设为 D:\\软件\\XianRenZhangAgent\\xrz_data\\XianRenZhang_tasks\\mp3_probe.pptx，3页：第1页「综合测试」，第2页「功能展示」，第3页「谢谢」",
    "file": "D:\\软件\\XianRenZhangAgent\\xrz_data\\XianRenZhang_tasks\\conversations\\conv_deepseek_20260913_204914.json",
    "created_at": "2026-09-13T20:49:14.826472",
    "updated_at": "2026-09-13T20:49:27.500186"
   },
   {
    "id": "deepseek_20260913_202534_55544",
    "platform": "deepseek",
    "url": "https://chat.deepseek.com/a/chat/s/b6e2dc5f-45fc-4efa-b72a-6c664af66c5d",
    "title": "请用 pptx_create 工具生成演示文稿，path 设为 D:\\软件\\XianRenZhangAgent\\xrz_data\\XianRenZhang_tasks\\mp3_probe.pptx，3页：第1页「综合测试」，第2页「功能展示」，第3页「谢谢」",
    "file": "D:\\软件\\XianRenZhangAgent\\xrz_data\\XianRenZhang_tasks\\conversations\\conv_deepseek_20260913_202534.json",
    "created_at": "2026-09-13T20:25:34.604258",
    "updated_at": "2026-09-13T20:39:11.411870"
   },
   {
    "id": "doubao_20260913_203128_41915",
    "platform": "doubao",
    "url": "https://www.doubao.com/chat/38441508617588738",
    "title": "帮我用三句话讲清楚：什么是 AI Agent，以及你能帮我做哪些事（不要调用任何工具）",
    "file": "D:\\软件\\XianRenZhangAgent\\xrz_data\\XianRenZhang_tasks\\conversations\\conv_doubao_20260913_203128.json",
    "created_at": "2026-09-13T20:31:28.922385",
    "updated_at": "2026-09-13T20:37:05.183569"
   },
   {
    "id": "tongyi_20260913_203036_78860",
    "platform": "tongyi",
    "url": "https://chat.qwen.ai/c/bf790a43-6e03-4564-826e-4293e50c4f3b",
    "title": "帮我用三句话讲清楚：什么是 AI Agent，以及你能帮我做哪些事（不要调用任何工具）",
    "file": "D:\\软件\\XianRenZhangAgent\\xrz_data\\XianRenZhang_tasks\\conversations\\conv_tongyi_20260913_203036.json",
    "created_at": "2026-09-13T20:30:36.459385",
    "updated_at": "2026-09-13T20:30:36.459393"
   },
   {
    "id": "deepseek_20260913_202200_76919",
    "platform": "deepseek",
    "url": "https://chat.deepseek.com/a/chat/s/ac7ea536-1d9a-4570-8a40-a74773ebd543",
    "title": "请用 pptx_create 工具生成演示文稿，path 设为 D:\\软件\\XianRenZhangAgent\\xrz_data\\XianRenZhang_tasks\\mp3_probe.pptx，3页：第1页「综合测试」，第2页「功能展示」，第3页「谢谢」",
    "file": "D:\\软件\\XianRenZhangAgent\\xrz_data\\XianRenZhang_tasks\\conversations\\conv_deepseek_20260913_202200.json",
    "created_at": "2026-09-13T20:22:00.744337",
    "updated_at": "2026-09-13T20:22:15.548622"
   },
   {
    "id": "deepseek_20260913_201917_22208",
    "platform": "deepseek",
    "url": "https://chat.deepseek.com/a/chat/s/54e92cf5-4f7a-4f11-af2c-ab49448b3976",
    "title": "请用 pptx_create 工具生成演示文稿，path 设为 D:\\软件\\XianRenZhangAgent\\xrz_data\\XianRenZhang_tasks\\mp3_probe.pptx，3页：第1页「综合测试」，第2页「功能展示」，第3页「谢谢」",
    "file": "D:\\软件\\XianRenZhangAgent\\xrz_data\\XianRenZhang_tasks\\conversations\\conv_deepseek_20260913_201917.json",
    "created_at": "2026-09-13T20:19:17.069626",
    "updated_at": "2026-09-13T20:20:17.175322"
   },
   {
    "id": "deepseek_20260913_195835_29209",
    "platform": "deepseek",
    "url": "https://chat.deepseek.com/a/chat/s/b577c1da-fd7c-4015-90e1-a084af8019e9",
    "title": "帮我用三句话讲清楚：什么是 AI Agent，以及你能帮我做哪些事（不要调用任何工具）",
    "file": "D:\\软件\\XianRenZhangAgent\\xrz_data\\XianRenZhang_tasks\\conversations\\conv_deepseek_20260913_195835.json",
    "created_at": "2026-09-13T19:58:35.919780",
    "updated_at": "2026-09-13T20:10:54.116280"
   },
   {
    "id": "doubao_20260913_200312_43702",
    "platform": "doubao",
    "url": "https://www.doubao.com/chat/38441372402862594",
    "title": "帮我用三句话讲清楚：什么是 AI Agent，以及你能帮我做哪些事（不要调用任何工具）",
    "file": "D:\\软件\\XianRenZhangAgent\\xrz_data\\XianRenZhang_tasks\\conversations\\conv_doubao_20260913_200312.json",
    "created_at": "2026-09-13T20:03:12.319251",
    "updated_at": "2026-09-13T20:08:48.573874"
   },
   {
    "id": "tongyi_20260913_200219_39233",
    "platform": "tongyi",
    "url": "https://chat.qwen.ai/c/128423aa-7113-4a85-b33e-0c29b41c7d0d",
    "title": "帮我用三句话讲清楚：什么是 AI Agent，以及你能帮我做哪些事（不要调用任何工具）",
    "file": "D:\\软件\\XianRenZhangAgent\\xrz_data\\XianRenZhang_tasks\\conversations\\conv_tongyi_20260913_200219.json",
    "created_at": "2026-09-13T20:02:19.668313",
    "updated_at": "2026-09-13T20:02:19.668319"
   },
   {
    "id": "doubao_20260913_194354_67409",
    "platform": "doubao",
    "url": "https://www.doubao.com/chat/38441490589929218",
    "title": "帮我用三句话讲清楚：什么是 AI Agent，以及你能帮我做哪些事（不要调用任何工具）",
    "file": "D:\\软件\\XianRenZhangAgent\\xrz_data\\XianRenZhang_tasks\\conversations\\conv_doubao_20260913_194354.json",
    "created_at": "2026-09-13T19:43:54.777671",
    "updated_at": "2026-09-13T19:48:30.405390"
   },
   {
    "id": "tongyi_20260913_194302_05146",
    "platform": "tongyi",
    "url": "https://chat.qwen.ai/c/bc7cbaa8-41cc-4435-b657-3f87da5cb8ba",
    "title": "帮我用三句话讲清楚：什么是 AI Agent，以及你能帮我做哪些事（不要调用任何工具）",
    "file": "D:\\软件\\XianRenZhangAgent\\xrz_data\\XianRenZhang_tasks\\conversations\\conv_tongyi_20260913_194302.json",
    "created_at": "2026-09-13T19:43:02.275483",
    "updated_at": "2026-09-13T19:43:02.275491"
   },
   {
    "id": "deepseek_20260913_193902_60110",
    "platform": "deepseek",
    "url": "https://chat.deepseek.com/a/chat/s/d7aab2ac-88ec-4e53-a992-25652e1f8215",
    "title": "帮我用三句话讲清楚：什么是 AI Agent，以及你能帮我做哪些事（不要调用任何工具）",
    "file": "D:\\软件\\XianRenZhangAgent\\xrz_data\\XianRenZhang_tasks\\conversations\\conv_deepseek_20260913_193902.json",
    "created_at": "2026-09-13T19:39:02.072925",
    "updated_at": "2026-09-13T19:42:16.256812"
   },
   {
    "id": "deepseek_20260913_192125_34929",
    "platform": "deepseek",
    "url": "https://chat.deepseek.com/a/chat/s/3c34aeeb-56dc-45f4-b30f-bae551c43086",
    "title": "请阅读刚才上传的 PDF，用一句话概括它的主要内容\n\n[附件说明] 本任务附带了以下文件，它们已同步上传到平台网页，同时在本地磁盘保留有原件，请直接用 file_read 读取以下绝对路径，不要猜测其它路径：\n- D:\\软件\\XianRenZhangAgent\\xrz_data\\gui_attachments\\91c2dce42117400ca48787c5c21e8629.pdf\n[系统] 本轮",
    "file": "D:\\软件\\XianRenZhangAgent\\xrz_data\\XianRenZhang_tasks\\conversations\\conv_deepseek_20260913_192125.json",
    "created_at": "2026-09-13T19:21:25.945852",
    "updated_at": "2026-09-13T19:22:23.848761"
   },
   {
    "id": "deepseek_20260913_184722_78031",
    "platform": "deepseek",
    "url": "https://chat.deepseek.com/a/chat/s/f03f839a-28c8-43c5-bbc1-7acea4a8fdbc",
    "title": "帮我用三句话讲清楚：什么是 AI Agent，以及你能帮我做哪些事（不要调用任何工具）",
    "file": "D:\\软件\\XianRenZhangAgent\\xrz_data\\XianRenZhang_tasks\\conversations\\conv_deepseek_20260913_184722.json",
    "created_at": "2026-09-13T18:47:22.695210",
    "updated_at": "2026-09-13T19:15:51.089310"
   },
   {
    "id": "doubao_20260913_185140_00679",
    "platform": "doubao",
    "url": "https://www.doubao.com/chat/38441454130313218",
    "title": "帮我用三句话讲清楚：什么是 AI Agent，以及你能帮我做哪些事（不要调用任何工具）",
    "file": "D:\\软件\\XianRenZhangAgent\\xrz_data\\XianRenZhang_tasks\\conversations\\conv_doubao_20260913_185140.json",
    "created_at": "2026-09-13T18:51:40.138662",
    "updated_at": "2026-09-13T18:57:40.701408"
   },
   {
    "id": "tongyi_20260913_185059_52290",
    "platform": "tongyi",
    "url": "https://chat.qwen.ai/c/475257ae-1ac8-4c8b-a3ff-60627b39b477",
    "title": "帮我用三句话讲清楚：什么是 AI Agent，以及你能帮我做哪些事（不要调用任何工具）",
    "file": "D:\\软件\\XianRenZhangAgent\\xrz_data\\XianRenZhang_tasks\\conversations\\conv_tongyi_20260913_185059.json",
    "created_at": "2026-09-13T18:50:59.353670",
    "updated_at": "2026-09-13T18:50:59.353677"
   },
   {
    "id": "deepseek_20260913_181453_86164",
    "platform": "deepseek",
    "url": "https://chat.deepseek.com/a/chat/s/f4aff0af-429e-46bd-9283-17b54a199d89",
    "title": "帮我用三句话讲清楚：什么是 AI Agent，以及你能帮我做哪些事（不要调用任何工具）",
    "file": "D:\\软件\\XianRenZhangAgent\\xrz_data\\XianRenZhang_tasks\\conversations\\conv_deepseek_20260913_181453.json",
    "created_at": "2026-09-13T18:14:53.955822",
    "updated_at": "2026-09-13T18:16:48.927909"
   },
   {
    "id": "deepseek_20260913_174653_13914",
    "platform": "deepseek",
    "url": "https://chat.deepseek.com/a/chat/s/063bcae9-ac30-4c98-b33c-be3c60bac985",
    "title": "帮我用三句话讲清楚：什么是 AI Agent，以及你能帮我做哪些事（不要调用任何工具）",
    "file": "D:\\软件\\XianRenZhangAgent\\xrz_data\\XianRenZhang_tasks\\conversations\\conv_deepseek_20260913_174653.json",
    "created_at": "2026-09-13T17:46:53.087377",
    "updated_at": "2026-09-13T18:12:10.637483"
   },
   {
    "id": "doubao_20260913_175833_49869",
    "platform": "doubao",
    "url": "https://www.doubao.com/chat/38441507333197314",
    "title": "帮我用三句话讲清楚：什么是 AI Agent，以及你能帮我做哪些事（不要调用任何工具）",
    "file": "D:\\软件\\XianRenZhangAgent\\xrz_data\\XianRenZhang_tasks\\conversations\\conv_doubao_20260913_175833.json",
    "created_at": "2026-09-13T17:58:33.943941",
    "updated_at": "2026-09-13T18:04:05.191367"
   },
   {
    "id": "tongyi_20260913_175638_43187",
    "platform": "tongyi",
    "url": "https://chat.qwen.ai/c/b02a50b9-2172-4cac-99f0-4d2a6d30e3c7",
    "title": "帮我用三句话讲清楚：什么是 AI Agent，以及你能帮我做哪些事（不要调用任何工具）",
    "file": "D:\\软件\\XianRenZhangAgent\\xrz_data\\XianRenZhang_tasks\\conversations\\conv_tongyi_20260913_175638.json",
    "created_at": "2026-09-13T17:56:38.815910",
    "updated_at": "2026-09-13T17:57:51.659489"
   },
   {
    "id": "deepseek_20260913_172335_11223",
    "platform": "deepseek",
    "url": "https://chat.deepseek.com/a/chat/s/96fa5519-fee3-4fec-b5fe-dafd695f2a66",
    "title": "帮我用三句话讲清楚：什么是 AI Agent，以及你能帮我做哪些事（不要调用任何工具）",
    "file": "D:\\软件\\XianRenZhangAgent\\xrz_data\\XianRenZhang_tasks\\conversations\\conv_deepseek_20260913_172335.json",
    "created_at": "2026-09-13T17:23:35.026226",
    "updated_at": "2026-09-13T17:25:31.317274"
   },
   {
    "id": "tongyi_20260913_171751_01936",
    "platform": "tongyi",
    "url": "https://chat.qwen.ai/c/fa5eba90-99cc-4afc-a492-6dee69d11e67",
    "title": "请用 file_write 工具创建文件 mp2_deepseek.txt，内容为「deepseek 工具测试成功」",
    "file": "D:\\软件\\XianRenZhangAgent\\xrz_data\\XianRenZhang_tasks\\conversations\\conv_tongyi_20260913_171751.json",
    "created_at": "2026-09-13T17:17:51.630391",
    "updated_at": "2026-09-13T17:21:10.355076"
   },
   {
    "id": "deepseek_20260913_171418_45368",
    "platform": "deepseek",
    "url": "https://chat.deepseek.com/a/chat/s/b26eb80e-a539-44e2-bda9-6c809adc5c4f",
    "title": "帮我用三句话讲清楚：什么是 AI Agent，以及你能帮我做哪些事（不要调用任何工具）",
    "file": "D:\\软件\\XianRenZhangAgent\\xrz_data\\XianRenZhang_tasks\\conversations\\conv_deepseek_20260913_171418.json",
    "created_at": "2026-09-13T17:14:18.302374",
    "updated_at": "2026-09-13T17:17:28.567946"
   },
   {
    "id": "tongyi_20260913_165753_23770",
    "platform": "tongyi",
    "url": "https://chat.qwen.ai/c/55fa450a-bf86-4eb5-967a-b84d386c6e2d",
    "title": "请用 browser_search 工具搜索「Python asyncio 官方文档」，返回最相关的一个链接标题",
    "file": "D:\\软件\\XianRenZhangAgent\\xrz_data\\XianRenZhang_tasks\\conversations\\conv_tongyi_20260913_165753.json",
    "created_at": "2026-09-13T16:57:53.057355",
    "updated_at": "2026-09-13T16:58:42.559538"
   },
   {
    "id": "deepseek_20260913_165617_63648",
    "platform": "deepseek",
    "url": "https://chat.deepseek.com/a/chat/s/2f5998c9-08c8-4ed9-8fe7-dd66dbf8d362",
    "title": "请用 file_write 工具创建文件 conc_a.txt，内容为「A 指令执行成功」",
    "file": "D:\\软件\\XianRenZhangAgent\\xrz_data\\XianRenZhang_tasks\\conversations\\conv_deepseek_20260913_165617.json",
    "created_at": "2026-09-13T16:56:17.781082",
    "updated_at": "2026-09-13T16:56:43.285970"
   },
   {
    "id": "deepseek_20260913_165225_96932",
    "platform": "deepseek",
    "url": "https://chat.deepseek.com/a/chat/s/703ef3a8-364b-44ad-bcc8-8093d918980d",
    "title": "请用 file_write 工具创建文件 conc_a.txt，内容为「A 指令执行成功」",
    "file": "D:\\软件\\XianRenZhangAgent\\xrz_data\\XianRenZhang_tasks\\conversations\\conv_deepseek_20260913_165225.json",
    "created_at": "2026-09-13T16:52:25.778058",
    "updated_at": "2026-09-13T16:52:51.975074"
   },
   {
    "id": "tongyi_20260913_161830_31741",
    "platform": "tongyi",
    "url": "https://chat.qwen.ai/c/09b36836-7632-4eb4-89f6-54fe11fc68e4",
    "title": "帮我用三句话讲清楚：什么是 AI Agent，以及你能帮我做哪些事（不要调用任何工具）",
    "file": "D:\\软件\\XianRenZhangAgent\\xrz_data\\XianRenZhang_tasks\\conversations\\conv_tongyi_20260913_161830.json",
    "created_at": "2026-09-13T16:18:30.196459",
    "updated_at": "2026-09-13T16:41:11.643490"
   },
   {
    "id": "deepseek_20260913_161207_99620",
    "platform": "deepseek",
    "url": "https://chat.deepseek.com/a/chat/s/db8b0ab9-cc48-4529-83ea-45a4ed7068e1",
    "title": "请阅读刚才上传的 PDF，用一句话概括它的主要内容",
    "file": "D:\\软件\\XianRenZhangAgent\\xrz_data\\XianRenZhang_tasks\\conversations\\conv_deepseek_20260913_161207.json",
    "created_at": "2026-09-13T16:12:07.214696",
    "updated_at": "2026-09-13T16:32:25.107799"
   },
   {
    "id": "deepseek_20260913_160615_93108",
    "platform": "deepseek",
    "url": "https://chat.deepseek.com/a/chat/s/9666c453-2a3a-406a-a835-0245872f3f3c",
    "title": "请阅读刚才上传的 PDF，用一句话概括它的主要内容",
    "file": "D:\\软件\\XianRenZhangAgent\\xrz_data\\XianRenZhang_tasks\\conversations\\conv_deepseek_20260913_160615.json",
    "created_at": "2026-09-13T16:06:15.490978",
    "updated_at": "2026-09-13T16:09:36.038789"
   },
   {
    "id": "deepseek_20260913_152938_08141",
    "platform": "deepseek",
    "url": "https://chat.deepseek.com/a/chat/s/ba3981ce-960d-4e35-8938-e85d98ea6e3b",
    "title": "帮我用三句话讲清楚：什么是 AI Agent，以及你能帮我做哪些事（不要调用任何工具）",
    "file": "D:\\软件\\XianRenZhangAgent\\xrz_data\\XianRenZhang_tasks\\conversations\\conv_deepseek_20260913_152938.json",
    "created_at": "2026-09-13T15:29:38.956228",
    "updated_at": "2026-09-13T16:05:09.241931"
   },
   {
    "id": "doubao_20260913_154027_38671",
    "platform": "doubao",
    "url": "https://www.doubao.com/chat/38441335485873666",
    "title": "帮我用三句话讲清楚：什么是 AI Agent，以及你能帮我做哪些事（不要调用任何工具）",
    "file": "D:\\软件\\XianRenZhangAgent\\xrz_data\\XianRenZhang_tasks\\conversations\\conv_doubao_20260913_154027.json",
    "created_at": "2026-09-13T15:40:27.666849",
    "updated_at": "2026-09-13T15:46:38.681618"
   },
   {
    "id": "tongyi_20260913_153401_35141",
    "platform": "tongyi",
    "url": "https://chat.qwen.ai/c/89ca0ec4-c80f-4018-9156-1ed7bea96903",
    "title": "帮我用三句话讲清楚：什么是 AI Agent，以及你能帮我做哪些事（不要调用任何工具）",
    "file": "D:\\软件\\XianRenZhangAgent\\xrz_data\\XianRenZhang_tasks\\conversations\\conv_tongyi_20260913_153401.json",
    "created_at": "2026-09-13T15:34:01.795426",
    "updated_at": "2026-09-13T15:39:43.430889"
   },
   {
    "id": "yuanbao_20260913_152133_11406",
    "platform": "yuanbao",
    "url": "https://yuanbao.tencent.com/chat/naQivTmsDa",
    "title": "你好，请用一句话介绍一下你自己，不要调用任何工具",
    "file": "D:\\软件\\XianRenZhangAgent\\xrz_data\\XianRenZhang_tasks\\conversations\\conv_yuanbao_20260913_152133.json",
    "created_at": "2026-09-13T15:21:33.573738",
    "updated_at": "2026-09-13T15:24:57.444225"
   },
   {
    "id": "yuanbao_20260913_144021_87942",
    "platform": "yuanbao",
    "url": "https://yuanbao.tencent.com/chat/naQivTmsDa",
    "title": "帮我用三句话讲清楚：什么是 AI Agent，以及你能帮我做哪些事（不要调用任何工具）",
    "file": "D:\\软件\\XianRenZhangAgent\\xrz_data\\XianRenZhang_tasks\\conversations\\conv_yuanbao_20260913_144021.json",
    "created_at": "2026-09-13T14:40:21.040890",
    "updated_at": "2026-09-13T15:18:39.827982"
   },
   {
    "id": "deepseek_20260913_143112_10810",
    "platform": "deepseek",
    "url": "https://chat.deepseek.com/a/chat/s/d57b87b1-d908-4c0d-b53f-00d8c4934040",
    "title": "帮我整理一份「Python 异步编程入门」的学习大纲，直接列出 5 个章节标题、每章一句话说明，不用调用工具",
    "file": "D:\\软件\\XianRenZhangAgent\\xrz_data\\XianRenZhang_tasks\\conversations\\conv_deepseek_20260913_143112.json",
    "created_at": "2026-09-13T14:31:12.036013",
    "updated_at": "2026-09-13T15:11:02.141389"
   },
   {
    "id": "doubao_20260913_143407_56015",
    "platform": "doubao",
    "url": "https://www.doubao.com/chat/38441369530093314",
    "title": "帮我用三句话讲清楚：什么是 AI Agent，以及你能帮我做哪些事（不要调用任何工具）",
    "file": "D:\\软件\\XianRenZhangAgent\\xrz_data\\XianRenZhang_tasks\\conversations\\conv_doubao_20260913_143407.json",
    "created_at": "2026-09-13T14:34:07.043781",
    "updated_at": "2026-09-13T14:39:35.492973"
   },
   {
    "id": "deepseek_20260913_142406_22175",
    "platform": "deepseek",
    "url": "https://chat.deepseek.com/a/chat/s/b28b0222-56aa-441d-a497-5f462266f557",
    "title": "帮我用一句话说明什么是事件循环，直接回答，不要调用任何工具",
    "file": "D:\\软件\\XianRenZhangAgent\\xrz_data\\XianRenZhang_tasks\\conversations\\conv_deepseek_20260913_142406.json",
    "created_at": "2026-09-13T14:24:06.184505",
    "updated_at": "2026-09-13T14:24:13.055844"
   },
   {
    "id": "yuanbao_20260913_130030_69485",
    "platform": "yuanbao",
    "url": "https://yuanbao.tencent.com/chat/naQivTmsDa/0QOqaiIogwy",
    "title": "(无标题对话)",
    "file": "D:\\软件\\XianRenZhangAgent\\xrz_data\\XianRenZhang_tasks\\conversations\\conv_yuanbao_20260913_130030.json",
    "created_at": "2026-09-13T13:00:30.430553",
    "updated_at": "2026-09-13T13:00:30.430578"
   },
   {
    "id": "yuanbao_20260913_125919_27601",
    "platform": "yuanbao",
    "url": "https://yuanbao.tencent.com/chat/naQivTmsDa/0QOqaiIogwy",
    "title": "(无标题对话)",
    "file": "D:\\软件\\XianRenZhangAgent\\xrz_data\\XianRenZhang_tasks\\conversations\\conv_yuanbao_20260913_125919.json",
    "created_at": "2026-09-13T12:59:19.687055",
    "updated_at": "2026-09-13T12:59:19.687077"
   },
   {
    "id": "yuanbao_20260913_125837_85046",
    "platform": "yuanbao",
    "url": "https://yuanbao.tencent.com/chat/naQivTmsDa/0QOqVcVDqNM",
    "title": "(无标题对话)",
    "file": "D:\\软件\\XianRenZhangAgent\\xrz_data\\XianRenZhang_tasks\\conversations\\conv_yuanbao_20260913_125836.json",
    "created_at": "2026-09-13T12:58:37.001161",
    "updated_at": "2026-09-13T12:58:37.001181"
   },
   {
    "id": "yuanbao_20260913_125048_14138",
    "platform": "yuanbao",
    "url": "https://yuanbao.tencent.com/chat/naQivTmsDa/0QOpzNXzLhz",
    "title": "(无标题对话)",
    "file": "D:\\软件\\XianRenZhangAgent\\xrz_data\\XianRenZhang_tasks\\conversations\\conv_yuanbao_20260913_125048.json",
    "created_at": "2026-09-13T12:50:48.736705",
    "updated_at": "2026-09-13T12:50:48.736718"
   },
   {
    "id": "yuanbao_20260913_125013_67517",
    "platform": "yuanbao",
    "url": "https://yuanbao.tencent.com/chat/naQivTmsDa/0QOpwX03mMa",
    "title": "(无标题对话)",
    "file": "D:\\软件\\XianRenZhangAgent\\xrz_data\\XianRenZhang_tasks\\conversations\\conv_yuanbao_20260913_125013.json",
    "created_at": "2026-09-13T12:50:13.946491",
    "updated_at": "2026-09-13T12:50:13.946593"
   },
   {
    "id": "yuanbao_20260913_124937_99524",
    "platform": "yuanbao",
    "url": "https://yuanbao.tencent.com/chat/naQivTmsDa/0QOptBq0PAG",
    "title": "(无标题对话)",
    "file": "D:\\软件\\XianRenZhangAgent\\xrz_data\\XianRenZhang_tasks\\conversations\\conv_yuanbao_20260913_124937.json",
    "created_at": "2026-09-13T12:49:37.325477",
    "updated_at": "2026-09-13T12:49:37.325486"
   },
   {
    "id": "yuanbao_20260913_122919_82101",
    "platform": "yuanbao",
    "url": "https://yuanbao.tencent.com/chat/naQivTmsDa/0QOoSp7d9bE",
    "title": "(无标题对话)",
    "file": "D:\\软件\\XianRenZhangAgent\\xrz_data\\XianRenZhang_tasks\\conversations\\conv_yuanbao_20260913_122919.json",
    "created_at": "2026-09-13T12:29:19.050321",
    "updated_at": "2026-09-13T12:29:19.050330"
   },
   {
    "id": "yuanbao_20260913_122804_24800",
    "platform": "yuanbao",
    "url": "https://yuanbao.tencent.com/chat/naQivTmsDa/0QOoNnrcNWa",
    "title": "(无标题对话)",
    "file": "D:\\软件\\XianRenZhangAgent\\xrz_data\\XianRenZhang_tasks\\conversations\\conv_yuanbao_20260913_122804.json",
    "created_at": "2026-09-13T12:28:04.815649",
    "updated_at": "2026-09-13T12:28:04.815661"
   },
   {
    "id": "yuanbao_20260913_122747_33444",
    "platform": "yuanbao",
    "url": "https://yuanbao.tencent.com/chat/naQivTmsDa/0QOoMVYq1Fx",
    "title": "(无标题对话)",
    "file": "D:\\软件\\XianRenZhangAgent\\xrz_data\\XianRenZhang_tasks\\conversations\\conv_yuanbao_20260913_122747.json",
    "created_at": "2026-09-13T12:27:47.155732",
    "updated_at": "2026-09-13T12:27:47.155742"
   },
   {
    "id": "yuanbao_20260913_120941_66017",
    "platform": "yuanbao",
    "url": "https://yuanbao.tencent.com/chat/naQivTmsDa/0QOn4S8fIhM",
    "title": "(无标题对话)",
    "file": "D:\\软件\\XianRenZhangAgent\\xrz_data\\XianRenZhang_tasks\\conversations\\conv_yuanbao_20260913_120941.json",
    "created_at": "2026-09-13T12:09:41.606097",
    "updated_at": "2026-09-13T12:09:41.606109"
   },
   {
    "id": "yuanbao_20260913_120851_35143",
    "platform": "yuanbao",
    "url": "https://yuanbao.tencent.com/chat/naQivTmsDa/0QOn0ktaZQO",
    "title": "(无标题对话)",
    "file": "D:\\软件\\XianRenZhangAgent\\xrz_data\\XianRenZhang_tasks\\conversations\\conv_yuanbao_20260913_120851.json",
    "created_at": "2026-09-13T12:08:51.276229",
    "updated_at": "2026-09-13T12:08:51.276235"
   },
   {
    "id": "yuanbao_20260913_120836_80319",
    "platform": "yuanbao",
    "url": "https://yuanbao.tencent.com/chat/naQivTmsDa/0QOmzhKWz7w",
    "title": "(无标题对话)",
    "file": "D:\\软件\\XianRenZhangAgent\\xrz_data\\XianRenZhang_tasks\\conversations\\conv_yuanbao_20260913_120836.json",
    "created_at": "2026-09-13T12:08:36.623392",
    "updated_at": "2026-09-13T12:08:36.623402"
   },
   {
    "id": "yuanbao_20260913_120742_51350",
    "platform": "yuanbao",
    "url": "https://yuanbao.tencent.com/chat/naQivTmsDa/0QOmuRR2asS",
    "title": "(无标题对话)",
    "file": "D:\\软件\\XianRenZhangAgent\\xrz_data\\XianRenZhang_tasks\\conversations\\conv_yuanbao_20260913_120742.json",
    "created_at": "2026-09-13T12:07:42.263828",
    "updated_at": "2026-09-13T12:07:42.263837"
   },
   {
    "id": "yuanbao_20260913_114550_60361",
    "platform": "yuanbao",
    "url": "https://yuanbao.tencent.com/chat/naQivTmsDa/0QOlLcEmHYW",
    "title": "(无标题对话)",
    "file": "D:\\软件\\XianRenZhangAgent\\xrz_data\\XianRenZhang_tasks\\conversations\\conv_yuanbao_20260913_114550.json",
    "created_at": "2026-09-13T11:45:50.867553",
    "updated_at": "2026-09-13T11:45:50.867561"
   },
   {
    "id": "yuanbao_20260913_114443_82416",
    "platform": "yuanbao",
    "url": "https://yuanbao.tencent.com/chat/naQivTmsDa/0QOlHtUJOlM",
    "title": "(无标题对话)",
    "file": "D:\\软件\\XianRenZhangAgent\\xrz_data\\XianRenZhang_tasks\\conversations\\conv_yuanbao_20260913_114443.json",
    "created_at": "2026-09-13T11:44:43.835998",
    "updated_at": "2026-09-13T11:44:43.836006"
   },
   {
    "id": "yuanbao_20260913_114430_19279",
    "platform": "yuanbao",
    "url": "https://yuanbao.tencent.com/chat/naQivTmsDa/0QOlGqwq5rM",
    "title": "(无标题对话)",
    "file": "D:\\软件\\XianRenZhangAgent\\xrz_data\\XianRenZhang_tasks\\conversations\\conv_yuanbao_20260913_114430.json",
    "created_at": "2026-09-13T11:44:30.221069",
    "updated_at": "2026-09-13T11:44:30.221077"
   },
   {
    "id": "yuanbao_20260913_114417_04877",
    "platform": "yuanbao",
    "url": "https://yuanbao.tencent.com/chat/naQivTmsDa/0QOlFLBFkA4",
    "title": "(无标题对话)",
    "file": "D:\\软件\\XianRenZhangAgent\\xrz_data\\XianRenZhang_tasks\\conversations\\conv_yuanbao_20260913_114417.json",
    "created_at": "2026-09-13T11:44:17.331670",
    "updated_at": "2026-09-13T11:44:17.331676"
   },
   {
    "id": "yuanbao_20260913_114317_78799",
    "platform": "yuanbao",
    "url": "https://yuanbao.tencent.com/chat/naQivTmsDa/0QOlBWvb7gG",
    "title": "(无标题对话)",
    "file": "D:\\软件\\XianRenZhangAgent\\xrz_data\\XianRenZhang_tasks\\conversations\\conv_yuanbao_20260913_114317.json",
    "created_at": "2026-09-13T11:43:17.613642",
    "updated_at": "2026-09-13T11:43:17.613653"
   },
   {
    "id": "yuanbao_20260913_114304_39469",
    "platform": "yuanbao",
    "url": "https://yuanbao.tencent.com/chat/naQivTmsDa/0QOktGdysmu",
    "title": "(无标题对话)",
    "file": "D:\\软件\\XianRenZhangAgent\\xrz_data\\XianRenZhang_tasks\\conversations\\conv_yuanbao_20260913_114304.json",
    "created_at": "2026-09-13T11:43:04.221000",
    "updated_at": "2026-09-13T11:43:04.221007"
   },
   {
    "id": "yuanbao_20260913_113857_08484",
    "platform": "yuanbao",
    "url": "https://yuanbao.tencent.com/chat/naQivTmsDa/0QOksKBkKxc",
    "title": "(无标题对话)",
    "file": "D:\\软件\\XianRenZhangAgent\\xrz_data\\XianRenZhang_tasks\\conversations\\conv_yuanbao_20260913_113857.json",
    "created_at": "2026-09-13T11:38:57.930493",
    "updated_at": "2026-09-13T11:38:57.930499"
   },
   {
    "id": "yuanbao_20260913_112059_64785",
    "platform": "yuanbao",
    "url": "https://yuanbao.tencent.com/chat/naQivTmsDa/0QOjZ3z7dGC",
    "title": "(无标题对话)",
    "file": "D:\\软件\\XianRenZhangAgent\\xrz_data\\XianRenZhang_tasks\\conversations\\conv_yuanbao_20260913_112059.json",
    "created_at": "2026-09-13T11:20:59.961400",
    "updated_at": "2026-09-13T11:20:59.961420"
   },
   {
    "id": "yuanbao_20260913_112021_50165",
    "platform": "yuanbao",
    "url": "https://yuanbao.tencent.com/chat/naQivTmsDa/0QOjUkHgFur",
    "title": "(无标题对话)",
    "file": "D:\\软件\\XianRenZhangAgent\\xrz_data\\XianRenZhang_tasks\\conversations\\conv_yuanbao_20260913_112021.json",
    "created_at": "2026-09-13T11:20:21.289227",
    "updated_at": "2026-09-13T11:20:21.289242"
   },
   {
    "id": "yuanbao_20260913_111823_99716",
    "platform": "yuanbao",
    "url": "https://yuanbao.tencent.com/chat/naQivTmsDa/0QOjMf2LSTo",
    "title": "(无标题对话)",
    "file": "D:\\软件\\XianRenZhangAgent\\xrz_data\\XianRenZhang_tasks\\conversations\\conv_yuanbao_20260913_111823.json",
    "created_at": "2026-09-13T11:18:23.609511",
    "updated_at": "2026-09-13T11:18:23.609524"
   },
   {
    "id": "yuanbao_20260913_111730_28185",
    "platform": "yuanbao",
    "url": "https://yuanbao.tencent.com/chat/naQivTmsDa/0QOjJAtwJw8",
    "title": "(无标题对话)",
    "file": "D:\\软件\\XianRenZhangAgent\\xrz_data\\XianRenZhang_tasks\\conversations\\conv_yuanbao_20260913_111730.json",
    "created_at": "2026-09-13T11:17:30.529346",
    "updated_at": "2026-09-13T11:17:30.529359"
   },
   {
    "id": "yuanbao_20260913_111506_19036",
    "platform": "yuanbao",
    "url": "https://yuanbao.tencent.com/chat/naQivTmsDa/0QOj9s3uP4q",
    "title": "(无标题对话)",
    "file": "D:\\软件\\XianRenZhangAgent\\xrz_data\\XianRenZhang_tasks\\conversations\\conv_yuanbao_20260913_111506.json",
    "created_at": "2026-09-13T11:15:06.759811",
    "updated_at": "2026-09-13T11:15:06.759825"
   },
   {
    "id": "yuanbao_20260913_111440_22338",
    "platform": "yuanbao",
    "url": "https://yuanbao.tencent.com/chat/naQivTmsDa/0QOj7WuvMuW",
    "title": "(无标题对话)",
    "file": "D:\\软件\\XianRenZhangAgent\\xrz_data\\XianRenZhang_tasks\\conversations\\conv_yuanbao_20260913_111440.json",
    "created_at": "2026-09-13T11:14:40.299758",
    "updated_at": "2026-09-13T11:14:40.299777"
   },
   {
    "id": "yuanbao_20260913_111408_46627",
    "platform": "yuanbao",
    "url": "https://yuanbao.tencent.com/chat/naQivTmsDa/0QOj3ZKUWki",
    "title": "(无标题对话)",
    "file": "D:\\软件\\XianRenZhangAgent\\xrz_data\\XianRenZhang_tasks\\conversations\\conv_yuanbao_20260913_111408.json",
    "created_at": "2026-09-13T11:14:08.130007",
    "updated_at": "2026-09-13T11:14:08.130025"
   },
   {
    "id": "yuanbao_20260913_111313_52872",
    "platform": "yuanbao",
    "url": "https://yuanbao.tencent.com/chat/naQivTmsDa/0QOj0oVwcng",
    "title": "(无标题对话)",
    "file": "D:\\软件\\XianRenZhangAgent\\xrz_data\\XianRenZhang_tasks\\conversations\\conv_yuanbao_20260913_111313.json",
    "created_at": "2026-09-13T11:13:13.215300",
    "updated_at": "2026-09-13T11:13:13.215316"
   },
   {
    "id": "doubao_20260913_110111_69575",
    "platform": "doubao",
    "url": "https://www.doubao.com/chat/38441450273957378",
    "title": "(无标题对话)",
    "file": "D:\\软件\\XianRenZhangAgent\\xrz_data\\XianRenZhang_tasks\\conversations\\conv_doubao_20260913_110111.json",
    "created_at": "2026-09-13T11:01:11.925532",
    "updated_at": "2026-09-13T11:01:11.925552"
   },
   {
    "id": "doubao_20260913_105750_65385",
    "platform": "doubao",
    "url": "https://www.doubao.com/chat/38441503437800450",
    "title": "(无标题对话)",
    "file": "D:\\软件\\XianRenZhangAgent\\xrz_data\\XianRenZhang_tasks\\conversations\\conv_doubao_20260913_105750.json",
    "created_at": "2026-09-13T10:57:50.982183",
    "updated_at": "2026-09-13T10:57:50.982245"
   },
   {
    "id": "doubao_20260913_105417_58957",
    "platform": "doubao",
    "url": "https://www.doubao.com/chat/38441485356536578",
    "title": "(无标题对话)",
    "file": "D:\\软件\\XianRenZhangAgent\\xrz_data\\XianRenZhang_tasks\\conversations\\conv_doubao_20260913_105417.json",
    "created_at": "2026-09-13T10:54:17.374569",
    "updated_at": "2026-09-13T10:54:17.374765"
   },
   {
    "id": "doubao_20260913_105328_09549",
    "platform": "doubao",
    "url": "https://www.doubao.com/chat/38441485356536578",
    "title": "(无标题对话)",
    "file": "D:\\软件\\XianRenZhangAgent\\xrz_data\\XianRenZhang_tasks\\conversations\\conv_doubao_20260913_105328.json",
    "created_at": "2026-09-13T10:53:28.885791",
    "updated_at": "2026-09-13T10:53:28.885841"
   },
   {
    "id": "doubao_20260913_102233_11271",
    "platform": "doubao",
    "url": "https://www.doubao.com/chat/38441449378308354",
    "title": "(无标题对话)",
    "file": "D:\\软件\\XianRenZhangAgent\\xrz_data\\XianRenZhang_tasks\\conversations\\conv_doubao_20260913_102233.json",
    "created_at": "2026-09-13T10:22:33.874219",
    "updated_at": "2026-09-13T10:22:33.875732"
   },
   {
    "id": "doubao_20260913_101915_15225",
    "platform": "doubao",
    "url": "https://www.doubao.com/chat/38441449676472066",
    "title": "(无标题对话)",
    "file": "D:\\软件\\XianRenZhangAgent\\xrz_data\\XianRenZhang_tasks\\conversations\\conv_doubao_20260913_101915.json",
    "created_at": "2026-09-13T10:19:15.560463",
    "updated_at": "2026-09-13T10:19:15.560995"
   },
   {
    "id": "doubao_20260913_101840_62634",
    "platform": "doubao",
    "url": "https://www.doubao.com/chat/38441449676472066",
    "title": "(无标题对话)",
    "file": "D:\\软件\\XianRenZhangAgent\\xrz_data\\XianRenZhang_tasks\\conversations\\conv_doubao_20260913_101840.json",
    "created_at": "2026-09-13T10:18:40.770633",
    "updated_at": "2026-09-13T10:18:40.770979"
   },
   {
    "id": "tongyi_20260913_101206_93631",
    "platform": "tongyi",
    "url": "https://chat.qwen.ai/c/df11ceaf-7ca0-422d-8ed1-993de97926d6",
    "title": "(无标题对话)",
    "file": "D:\\软件\\XianRenZhangAgent\\xrz_data\\XianRenZhang_tasks\\conversations\\conv_tongyi_20260913_101206.json",
    "created_at": "2026-09-13T10:12:06.443684",
    "updated_at": "2026-09-13T10:12:06.444205"
   },
   {
    "id": "tongyi_20260913_100930_49332",
    "platform": "tongyi",
    "url": "https://chat.qwen.ai/c/ad3296e6-dff4-43b1-acdd-8b7baaafc570",
    "title": "(无标题对话)",
    "file": "D:\\软件\\XianRenZhangAgent\\xrz_data\\XianRenZhang_tasks\\conversations\\conv_tongyi_20260913_100930.json",
    "created_at": "2026-09-13T10:09:30.218478",
    "updated_at": "2026-09-13T10:09:30.218973"
   },
   {
    "id": "tongyi_20260913_100729_25640",
    "platform": "tongyi",
    "url": "https://chat.qwen.ai/c/02d6be0b-eb57-4a97-b36f-004af4bd17dc",
    "title": "(无标题对话)",
    "file": "D:\\软件\\XianRenZhangAgent\\xrz_data\\XianRenZhang_tasks\\conversations\\conv_tongyi_20260913_100729.json",
    "created_at": "2026-09-13T10:07:29.518698",
    "updated_at": "2026-09-13T10:07:29.518760"
   },
   {
    "id": "deepseek_20260913_100209_02253",
    "platform": "deepseek",
    "url": "https://chat.deepseek.com/a/chat/s/386efebb-c3ab-48be-a9c8-3a8c20e908ff",
    "title": "请开启深度思考",
    "file": "D:\\软件\\XianRenZhangAgent\\xrz_data\\XianRenZhang_tasks\\conversations\\conv_deepseek_20260913_100209.json",
    "created_at": "2026-09-13T10:02:09.120220",
    "updated_at": "2026-09-13T10:02:09.120267"
   },
   {
    "id": "deepseek_20260913_100133_59132",
    "platform": "deepseek",
    "url": "https://chat.deepseek.com/a/chat/s/386efebb-c3ab-48be-a9c8-3a8c20e908ff",
    "title": "请开启深度思考",
    "file": "D:\\软件\\XianRenZhangAgent\\xrz_data\\XianRenZhang_tasks\\conversations\\conv_deepseek_20260913_100133.json",
    "created_at": "2026-09-13T10:01:33.202968",
    "updated_at": "2026-09-13T10:01:33.203238"
   },
   {
    "id": "tongyi_20260913_095430_07831",
    "platform": "tongyi",
    "url": "https://chat.qwen.ai/c/c4e359c9-0fbb-446b-814a-b640008b9ee9",
    "title": "(无标题对话)",
    "file": "D:\\软件\\XianRenZhangAgent\\xrz_data\\XianRenZhang_tasks\\conversations\\conv_tongyi_20260913_095430.json",
    "created_at": "2026-09-13T09:54:30.479790",
    "updated_at": "2026-09-13T09:54:30.480191"
   },
   {
    "id": "tongyi_20260913_095227_36058",
    "platform": "tongyi",
    "url": "https://chat.qwen.ai/c/655c311b-fada-4d52-9249-5a13232ca0b9",
    "title": "(无标题对话)",
    "file": "D:\\软件\\XianRenZhangAgent\\xrz_data\\XianRenZhang_tasks\\conversations\\conv_tongyi_20260913_095227.json",
    "created_at": "2026-09-13T09:52:27.257632",
    "updated_at": "2026-09-13T09:52:27.257908"
   },
   {
    "id": "deepseek_20260913_094554_17444",
    "platform": "deepseek",
    "url": "https://chat.deepseek.com/a/chat/s/4822b685-7e16-43bf-8b08-cdbf962b1031",
    "title": "请开启深度思考",
    "file": "D:\\软件\\XianRenZhangAgent\\xrz_data\\XianRenZhang_tasks\\conversations\\conv_deepseek_20260913_094554.json",
    "created_at": "2026-09-13T09:45:54.486077",
    "updated_at": "2026-09-13T09:45:54.486101"
   },
   {
    "id": "deepseek_20260913_094530_73993",
    "platform": "deepseek",
    "url": "https://chat.deepseek.com/a/chat/s/4822b685-7e16-43bf-8b08-cdbf962b1031",
    "title": "请开启深度思考",
    "file": "D:\\软件\\XianRenZhangAgent\\xrz_data\\XianRenZhang_tasks\\conversations\\conv_deepseek_20260913_094530.json",
    "created_at": "2026-09-13T09:45:30.858542",
    "updated_at": "2026-09-13T09:45:30.858780"
   },
   {
    "id": "yuanbao_20260913_093935_57845",
    "platform": "yuanbao",
    "url": "https://yuanbao.tencent.com/chat/naQivTmsDa/0QOcFPi1jay",
    "title": "(无标题对话)",
    "file": "D:\\软件\\XianRenZhangAgent\\xrz_data\\XianRenZhang_tasks\\conversations\\conv_yuanbao_20260913_093935.json",
    "created_at": "2026-09-13T09:39:35.329218",
    "updated_at": "2026-09-13T09:39:35.329500"
   },
   {
    "id": "yuanbao_20260913_093754_80244",
    "platform": "yuanbao",
    "url": "https://yuanbao.tencent.com/chat/naQivTmsDa/0QOc9gEHApc",
    "title": "(无标题对话)",
    "file": "D:\\软件\\XianRenZhangAgent\\xrz_data\\XianRenZhang_tasks\\conversations\\conv_yuanbao_20260913_093753.json",
    "created_at": "2026-09-13T09:37:54.105034",
    "updated_at": "2026-09-13T09:37:54.105334"
   },
   {
    "id": "doubao_20260913_093239_91058",
    "platform": "doubao",
    "url": "https://www.doubao.com/chat/38441332351953922",
    "title": "(无标题对话)",
    "file": "D:\\软件\\XianRenZhangAgent\\xrz_data\\XianRenZhang_tasks\\conversations\\conv_doubao_20260913_093239.json",
    "created_at": "2026-09-13T09:32:39.546218",
    "updated_at": "2026-09-13T09:32:39.546491"
   },
   {
    "id": "doubao_20260913_092829_72484",
    "platform": "doubao",
    "url": "https://www.doubao.com/chat/38441448695876354",
    "title": "(无标题对话)",
    "file": "D:\\软件\\XianRenZhangAgent\\xrz_data\\XianRenZhang_tasks\\conversations\\conv_doubao_20260913_092829.json",
    "created_at": "2026-09-13T09:28:29.206284",
    "updated_at": "2026-09-13T09:28:29.206441"
   },
   {
    "id": "doubao_20260913_092718_40328",
    "platform": "doubao",
    "url": "https://www.doubao.com/chat/38441448695876354",
    "title": "(无标题对话)",
    "file": "D:\\软件\\XianRenZhangAgent\\xrz_data\\XianRenZhang_tasks\\conversations\\conv_doubao_20260913_092718.json",
    "created_at": "2026-09-13T09:27:18.785211",
    "updated_at": "2026-09-13T09:27:18.785664"
   },
   {
    "id": "doubao_20260913_092333_32613",
    "platform": "doubao",
    "url": "https://www.doubao.com/chat/38441484301860098",
    "title": "(无标题对话)",
    "file": "D:\\软件\\XianRenZhangAgent\\xrz_data\\XianRenZhang_tasks\\conversations\\conv_doubao_20260913_092333.json",
    "created_at": "2026-09-13T09:23:33.099730",
    "updated_at": "2026-09-13T09:23:33.099760"
   },
   {
    "id": "doubao_20260913_092311_94920",
    "platform": "doubao",
    "url": "https://www.doubao.com/chat/38441484301860098",
    "title": "(无标题对话)",
    "file": "D:\\软件\\XianRenZhangAgent\\xrz_data\\XianRenZhang_tasks\\conversations\\conv_doubao_20260913_092311.json",
    "created_at": "2026-09-13T09:23:11.528932",
    "updated_at": "2026-09-13T09:23:11.529352"
   },
   {
    "id": "tongyi_20260913_091541_14061",
    "platform": "tongyi",
    "url": "https://chat.qwen.ai/c/685d76eb-8a7d-4883-929b-5794c130b1aa",
    "title": "(无标题对话)",
    "file": "D:\\软件\\XianRenZhangAgent\\xrz_data\\XianRenZhang_tasks\\conversations\\conv_tongyi_20260913_091541.json",
    "created_at": "2026-09-13T09:15:41.787905",
    "updated_at": "2026-09-13T09:15:41.788188"
   },
   {
    "id": "tongyi_20260913_091336_71245",
    "platform": "tongyi",
    "url": "https://chat.qwen.ai/c/c2407fb6-fc60-4f39-b94c-84a420294441",
    "title": "(无标题对话)",
    "file": "D:\\软件\\XianRenZhangAgent\\xrz_data\\XianRenZhang_tasks\\conversations\\conv_tongyi_20260913_091336.json",
    "created_at": "2026-09-13T09:13:36.574516",
    "updated_at": "2026-09-13T09:13:36.574858"
   },
   {
    "id": "tongyi_20260913_091130_11482",
    "platform": "tongyi",
    "url": "https://chat.qwen.ai/c/ac1f7a4a-fb34-4067-9c91-99bad38e0d65",
    "title": "(无标题对话)",
    "file": "D:\\软件\\XianRenZhangAgent\\xrz_data\\XianRenZhang_tasks\\conversations\\conv_tongyi_20260913_091130.json",
    "created_at": "2026-09-13T09:11:30.608963",
    "updated_at": "2026-09-13T09:11:30.609428"
   },
   {
    "id": "tongyi_20260913_090705_82375",
    "platform": "tongyi",
    "url": "https://chat.qwen.ai/c/e03f7aa6-8418-4210-b868-e3f924bc7403",
    "title": "(无标题对话)",
    "file": "D:\\软件\\XianRenZhangAgent\\xrz_data\\XianRenZhang_tasks\\conversations\\conv_tongyi_20260913_090705.json",
    "created_at": "2026-09-13T09:07:05.424843",
    "updated_at": "2026-09-13T09:07:05.425167"
   },
   {
    "id": "tongyi_20260913_090532_36891",
    "platform": "tongyi",
    "url": "https://chat.qwen.ai/c/36bc37d3-f7f8-4db6-b3b1-aba551249875",
    "title": "(无标题对话)",
    "file": "D:\\软件\\XianRenZhangAgent\\xrz_data\\XianRenZhang_tasks\\conversations\\conv_tongyi_20260913_090532.json",
    "created_at": "2026-09-13T09:05:32.145184",
    "updated_at": "2026-09-13T09:05:32.145198"
   },
   {
    "id": "tongyi_20260913_090440_83341",
    "platform": "tongyi",
    "url": "https://chat.qwen.ai/c/36af2019-3ec5-4e5c-b839-447364b9cd38",
    "title": "(无标题对话)",
    "file": "D:\\软件\\XianRenZhangAgent\\xrz_data\\XianRenZhang_tasks\\conversations\\conv_tongyi_20260913_090439.json",
    "created_at": "2026-09-13T09:04:40.063792",
    "updated_at": "2026-09-13T09:04:40.064344"
   },
   {
    "id": "deepseek_20260913_085919_49699",
    "platform": "deepseek",
    "url": "https://chat.deepseek.com/a/chat/s/85673479-6bcb-48a3-b5de-d346cddd9895",
    "title": "深度思考 开启",
    "file": "D:\\软件\\XianRenZhangAgent\\xrz_data\\XianRenZhang_tasks\\conversations\\conv_deepseek_20260913_085919.json",
    "created_at": "2026-09-13T08:59:19.204126",
    "updated_at": "2026-09-13T08:59:19.204138"
   },
   {
    "id": "deepseek_20260913_085900_95869",
    "platform": "deepseek",
    "url": "https://chat.deepseek.com/a/chat/s/85673479-6bcb-48a3-b5de-d346cddd9895",
    "title": "深度思考 开启",
    "file": "D:\\软件\\XianRenZhangAgent\\xrz_data\\XianRenZhang_tasks\\conversations\\conv_deepseek_20260913_085900.json",
    "created_at": "2026-09-13T08:59:00.386908",
    "updated_at": "2026-09-13T08:59:00.387355"
   },
   {
    "id": "tongyi_20260913_085431_78648",
    "platform": "tongyi",
    "url": "https://chat.qwen.ai/c/65b2252c-d205-423e-8fea-903254e8770e",
    "title": "(无标题对话)",
    "file": "D:\\软件\\XianRenZhangAgent\\xrz_data\\XianRenZhang_tasks\\conversations\\conv_tongyi_20260913_085431.json",
    "created_at": "2026-09-13T08:54:31.319038",
    "updated_at": "2026-09-13T08:54:31.319090"
   },
   {
    "id": "tongyi_20260913_085337_44917",
    "platform": "tongyi",
    "url": "https://chat.qwen.ai/c/a545f099-72c9-478a-a015-439f7910766c",
    "title": "(无标题对话)",
    "file": "D:\\软件\\XianRenZhangAgent\\xrz_data\\XianRenZhang_tasks\\conversations\\conv_tongyi_20260913_085337.json",
    "created_at": "2026-09-13T08:53:37.189064",
    "updated_at": "2026-09-13T08:53:37.190101"
   },
   {
    "id": "tongyi_20260913_085030_15244",
    "platform": "tongyi",
    "url": "https://chat.qwen.ai/c/e073375d-a9a5-4050-8abb-87e58b6799fc",
    "title": "(无标题对话)",
    "file": "D:\\软件\\XianRenZhangAgent\\xrz_data\\XianRenZhang_tasks\\conversations\\conv_tongyi_20260913_085030.json",
    "created_at": "2026-09-13T08:50:30.560267",
    "updated_at": "2026-09-13T08:50:30.560614"
   },
   {
    "id": "tongyi_20260913_084829_48925",
    "platform": "tongyi",
    "url": "https://chat.qwen.ai/c/e591ff59-96d1-4d6a-a724-2cff3a7151bc",
    "title": "(无标题对话)",
    "file": "D:\\软件\\XianRenZhangAgent\\xrz_data\\XianRenZhang_tasks\\conversations\\conv_tongyi_20260913_084829.json",
    "created_at": "2026-09-13T08:48:29.372458",
    "updated_at": "2026-09-13T08:48:29.372706"
   },
   {
    "id": "tongyi_20260913_084729_66606",
    "platform": "tongyi",
    "url": "https://chat.qwen.ai/c/d5431b24-1ca1-4b36-b0db-8678e7aa743f",
    "title": "(无标题对话)",
    "file": "D:\\软件\\XianRenZhangAgent\\xrz_data\\XianRenZhang_tasks\\conversations\\conv_tongyi_20260913_084729.json",
    "created_at": "2026-09-13T08:47:29.191650",
    "updated_at": "2026-09-13T08:47:29.191733"
   },
   {
    "id": "deepseek_20260913_084103_34288",
    "platform": "deepseek",
    "url": "https://chat.deepseek.com/a/chat/s/7b16f029-ad28-4bcb-855d-f85cbde85d76",
    "title": "深度思考 开启",
    "file": "D:\\软件\\XianRenZhangAgent\\xrz_data\\XianRenZhang_tasks\\conversations\\conv_deepseek_20260913_084103.json",
    "created_at": "2026-09-13T08:41:03.653928",
    "updated_at": "2026-09-13T08:41:03.653950"
   },
   {
    "id": "deepseek_20260913_084028_45798",
    "platform": "deepseek",
    "url": "https://chat.deepseek.com/a/chat/s/7b16f029-ad28-4bcb-855d-f85cbde85d76",
    "title": "深度思考 开启",
    "file": "D:\\软件\\XianRenZhangAgent\\xrz_data\\XianRenZhang_tasks\\conversations\\conv_deepseek_20260913_084028.json",
    "created_at": "2026-09-13T08:40:28.853345",
    "updated_at": "2026-09-13T08:40:28.853393"
   },
   {
    "id": "tongyi_20260913_082654_69565",
    "platform": "tongyi",
    "url": "https://chat.qwen.ai/c/2b55ed23-9993-4925-8e3d-9deb275c9f30",
    "title": "(无标题对话)",
    "file": "D:\\软件\\XianRenZhangAgent\\xrz_data\\XianRenZhang_tasks\\conversations\\conv_tongyi_20260913_082654.json",
    "created_at": "2026-09-13T08:26:54.778277",
    "updated_at": "2026-09-13T08:26:54.778299"
   },
   {
    "id": "tongyi_20260913_082350_79382",
    "platform": "tongyi",
    "url": "https://chat.qwen.ai/c/b3b483fd-e5c1-458b-84a2-947633575405",
    "title": "(无标题对话)",
    "file": "D:\\软件\\XianRenZhangAgent\\xrz_data\\XianRenZhang_tasks\\conversations\\conv_tongyi_20260913_082350.json",
    "created_at": "2026-09-13T08:23:50.813304",
    "updated_at": "2026-09-13T08:23:50.814711"
   },
   {
    "id": "tongyi_20260913_081952_03464",
    "platform": "tongyi",
    "url": "https://chat.qwen.ai/c/e046b152-a6a0-4335-9b40-d6255561f9d9",
    "title": "(无标题对话)",
    "file": "D:\\软件\\XianRenZhangAgent\\xrz_data\\XianRenZhang_tasks\\conversations\\conv_tongyi_20260913_081952.json",
    "created_at": "2026-09-13T08:19:52.615375",
    "updated_at": "2026-09-13T08:19:52.615392"
   },
   {
    "id": "tongyi_20260913_081902_18491",
    "platform": "tongyi",
    "url": "https://chat.qwen.ai/c/2f96ff1f-1556-44d7-895c-979e105b1665",
    "title": "(无标题对话)",
    "file": "D:\\软件\\XianRenZhangAgent\\xrz_data\\XianRenZhang_tasks\\conversations\\conv_tongyi_20260913_081902.json",
    "created_at": "2026-09-13T08:19:02.559026",
    "updated_at": "2026-09-13T08:19:02.559346"
   },
   {
    "id": "tongyi_20260913_081714_42426",
    "platform": "tongyi",
    "url": "https://chat.qwen.ai/c/95a59088-d0e4-4a8b-b228-06f01bb132f3",
    "title": "(无标题对话)",
    "file": "D:\\软件\\XianRenZhangAgent\\xrz_data\\XianRenZhang_tasks\\conversations\\conv_tongyi_20260913_081714.json",
    "created_at": "2026-09-13T08:17:14.546867",
    "updated_at": "2026-09-13T08:17:14.547074"
   },
   {
    "id": "tongyi_20260913_081631_55613",
    "platform": "tongyi",
    "url": "https://chat.qwen.ai/c/7fae2e3b-3d95-425c-890f-9202410106de",
    "title": "(无标题对话)",
    "file": "D:\\软件\\XianRenZhangAgent\\xrz_data\\XianRenZhang_tasks\\conversations\\conv_tongyi_20260913_081631.json",
    "created_at": "2026-09-13T08:16:31.294428",
    "updated_at": "2026-09-13T08:16:31.294757"
   },
   {
    "id": "deepseek_20260913_080922_69929",
    "platform": "deepseek",
    "url": "https://chat.deepseek.com/a/chat/s/f28ebf7e-e640-4a33-a735-9e6fa708827f",
    "title": "深度思考 开启",
    "file": "D:\\软件\\XianRenZhangAgent\\xrz_data\\XianRenZhang_tasks\\conversations\\conv_deepseek_20260913_080922.json",
    "created_at": "2026-09-13T08:09:22.549425",
    "updated_at": "2026-09-13T08:09:22.549468"
   },
   {
    "id": "deepseek_20260913_080859_55471",
    "platform": "deepseek",
    "url": "https://chat.deepseek.com/a/chat/s/f28ebf7e-e640-4a33-a735-9e6fa708827f",
    "title": "深度思考 开启",
    "file": "D:\\软件\\XianRenZhangAgent\\xrz_data\\XianRenZhang_tasks\\conversations\\conv_deepseek_20260913_080859.json",
    "created_at": "2026-09-13T08:08:59.135281",
    "updated_at": "2026-09-13T08:08:59.135324"
   },
   {
    "id": "doubao_20260913_075903_33990",
    "platform": "doubao",
    "url": "https://www.doubao.com/chat/38441365619175170",
    "title": "(无标题对话)",
    "file": "D:\\软件\\XianRenZhangAgent\\xrz_data\\XianRenZhang_tasks\\conversations\\conv_doubao_20260913_075903.json",
    "created_at": "2026-09-13T07:59:03.685063",
    "updated_at": "2026-09-13T07:59:03.685237"
   },
   {
    "id": "doubao_20260913_075825_66643",
    "platform": "doubao",
    "url": "https://www.doubao.com/chat/38441298808281090",
    "title": "(无标题对话)",
    "file": "D:\\软件\\XianRenZhangAgent\\xrz_data\\XianRenZhang_tasks\\conversations\\conv_doubao_20260913_075824.json",
    "created_at": "2026-09-13T07:58:25.005679",
    "updated_at": "2026-09-13T07:58:25.005898"
   },
   {
    "id": "tongyi_20260913_074642_74945",
    "platform": "tongyi",
    "url": "https://chat.qwen.ai/c/36cb0d29-0e91-4ac0-b008-f0093e90c5b5",
    "title": "(无标题对话)",
    "file": "D:\\软件\\XianRenZhangAgent\\xrz_data\\XianRenZhang_tasks\\conversations\\conv_tongyi_20260913_074642.json",
    "created_at": "2026-09-13T07:46:42.109357",
    "updated_at": "2026-09-13T07:46:42.109379"
   },
   {
    "id": "tongyi_20260913_074224_10317",
    "platform": "tongyi",
    "url": "https://chat.qwen.ai/c/2182eec3-b4d7-4fea-b46f-585fa5f88896",
    "title": "(无标题对话)",
    "file": "D:\\软件\\XianRenZhangAgent\\xrz_data\\XianRenZhang_tasks\\conversations\\conv_tongyi_20260913_074224.json",
    "created_at": "2026-09-13T07:42:24.522532",
    "updated_at": "2026-09-13T07:42:24.522571"
   },
   {
    "id": "tongyi_20260913_074137_08542",
    "platform": "tongyi",
    "url": "https://chat.qwen.ai/c/cac09825-2de6-4905-aa26-0feb46643d61",
    "title": "(无标题对话)",
    "file": "D:\\软件\\XianRenZhangAgent\\xrz_data\\XianRenZhang_tasks\\conversations\\conv_tongyi_20260913_074137.json",
    "created_at": "2026-09-13T07:41:37.569772",
    "updated_at": "2026-09-13T07:41:37.569792"
   },
   {
    "id": "tongyi_20260913_074020_10888",
    "platform": "tongyi",
    "url": "https://chat.qwen.ai/c/d18bedb1-1582-4342-8d58-da0ad65f45b5",
    "title": "(无标题对话)",
    "file": "D:\\软件\\XianRenZhangAgent\\xrz_data\\XianRenZhang_tasks\\conversations\\conv_tongyi_20260913_074020.json",
    "created_at": "2026-09-13T07:40:20.601441",
    "updated_at": "2026-09-13T07:40:20.601489"
   },
   {
    "id": "deepseek_20260913_073640_18504",
    "platform": "deepseek",
    "url": "https://chat.deepseek.com/a/chat/s/04ceca14-54f2-4f66-9b9a-a12be68309af",
    "title": "深度思考 开启",
    "file": "D:\\软件\\XianRenZhangAgent\\xrz_data\\XianRenZhang_tasks\\conversations\\conv_deepseek_20260913_073640.json",
    "created_at": "2026-09-13T07:36:40.285207",
    "updated_at": "2026-09-13T07:36:40.285220"
   },
   {
    "id": "deepseek_20260913_073624_59246",
    "platform": "deepseek",
    "url": "https://chat.deepseek.com/a/chat/s/04ceca14-54f2-4f66-9b9a-a12be68309af",
    "title": "深度思考 开启",
    "file": "D:\\软件\\XianRenZhangAgent\\xrz_data\\XianRenZhang_tasks\\conversations\\conv_deepseek_20260913_073624.json",
    "created_at": "2026-09-13T07:36:24.287278",
    "updated_at": "2026-09-13T07:36:24.287297"
   },
   {
    "id": "tongyi_20260913_001144_67897",
    "platform": "tongyi",
    "url": "https://chat.qwen.ai/c/a180a097-3c4d-4f02-b870-12e0f3b9f44d",
    "title": "深度思考 开启",
    "file": "D:\\软件\\XianRenZhangAgent\\xrz_data\\XianRenZhang_tasks\\conversations\\conv_tongyi_20260913_001144.json",
    "created_at": "2026-09-13T00:11:44.829621",
    "updated_at": "2026-09-13T00:11:44.829631"
   },
   {
    "id": "tongyi_20260913_000814_29509",
    "platform": "tongyi",
    "url": "https://chat.qwen.ai/c/a180a097-3c4d-4f02-b870-12e0f3b9f44d",
    "title": "深度思考 开启",
    "file": "D:\\软件\\XianRenZhangAgent\\xrz_data\\XianRenZhang_tasks\\conversations\\conv_tongyi_20260913_000813.json",
    "created_at": "2026-09-13T00:08:14.024604",
    "updated_at": "2026-09-13T00:08:14.024627"
   },
   {
    "id": "deepseek_20260913_000331_38251",
    "platform": "deepseek",
    "url": "https://chat.deepseek.com/a/chat/s/2c7967bf-0572-4ea5-93f8-e5b8fda2ba87",
    "title": "深度思考 开启",
    "file": "D:\\软件\\XianRenZhangAgent\\xrz_data\\XianRenZhang_tasks\\conversations\\conv_deepseek_20260913_000331.json",
    "created_at": "2026-09-13T00:03:31.641970",
    "updated_at": "2026-09-13T00:03:31.641981"
   },
   {
    "id": "deepseek_20260913_000136_70701",
    "platform": "deepseek",
    "url": "https://chat.deepseek.com/a/chat/s/2c7967bf-0572-4ea5-93f8-e5b8fda2ba87",
    "title": "深度思考 开启",
    "file": "D:\\软件\\XianRenZhangAgent\\xrz_data\\XianRenZhang_tasks\\conversations\\conv_deepseek_20260913_000136.json",
    "created_at": "2026-09-13T00:01:36.933554",
    "updated_at": "2026-09-13T00:01:36.933577"
   },
   {
    "id": "doubao_20260912_235658_49859",
    "platform": "doubao",
    "url": "https://www.doubao.com/chat/38441278382778882",
    "title": "你好，请用一句话介绍你自己",
    "file": "D:\\软件\\XianRenZhangAgent\\xrz_data\\XianRenZhang_tasks\\conversations\\conv_doubao_20260912_235658.json",
    "created_at": "2026-09-12T23:56:58.444988",
    "updated_at": "2026-09-12T23:56:58.445005"
   },
   {
    "id": "doubao_20260912_235329_13462",
    "platform": "doubao",
    "url": "https://www.doubao.com/chat/38441278382778882",
    "title": "你好，请用一句话介绍你自己",
    "file": "D:\\软件\\XianRenZhangAgent\\xrz_data\\XianRenZhang_tasks\\conversations\\conv_doubao_20260912_235329.json",
    "created_at": "2026-09-12T23:53:29.743929",
    "updated_at": "2026-09-12T23:53:29.744158"
   },
   {
    "id": "doubao_20260912_233801_19720",
    "platform": "doubao",
    "url": "https://www.doubao.com/chat/38441296157974530",
    "title": "你好，请用一句话介绍你自己",
    "file": "D:\\软件\\XianRenZhangAgent\\xrz_data\\XianRenZhang_tasks\\conversations\\conv_doubao_20260912_233801.json",
    "created_at": "2026-09-12T23:38:01.898716",
    "updated_at": "2026-09-12T23:38:01.898867"
   },
   {
    "id": "yuanbao_20260912_232446_23435",
    "platform": "yuanbao",
    "url": "https://yuanbao.tencent.com/chat/naQivTmsDa/0QNuKDiySoq",
    "title": "你好，请用一句话回复即可",
    "file": "D:\\软件\\XianRenZhangAgent\\xrz_data\\XianRenZhang_tasks\\conversations\\conv_yuanbao_20260912_232446.json",
    "created_at": "2026-09-12T23:24:46.300572",
    "updated_at": "2026-09-12T23:24:46.300923"
   },
   {
    "id": "doubao_20260912_230720_04687",
    "platform": "doubao",
    "url": "https://www.doubao.com/chat/38441242464631042",
    "title": "深度思考 开启",
    "file": "D:\\软件\\XianRenZhangAgent\\xrz_data\\XianRenZhang_tasks\\conversations\\conv_doubao_20260912_230720.json",
    "created_at": "2026-09-12T23:07:20.776863",
    "updated_at": "2026-09-12T23:07:20.777035"
   },
   {
    "id": "tongyi_20260912_224526_32800",
    "platform": "tongyi",
    "url": "https://chat.qwen.ai/c/86ad2eab-72dd-4342-a240-0a6ea5f6aa22",
    "title": "请用一句话说明你是什么模型（不要调用任何工具）",
    "file": "D:\\软件\\XianRenZhangAgent\\xrz_data\\XianRenZhang_tasks\\conversations\\conv_tongyi_20260912_224526.json",
    "created_at": "2026-09-12T22:45:26.485199",
    "updated_at": "2026-09-12T22:45:26.485222"
   },
   {
    "id": "tongyi_20260912_224157_12825",
    "platform": "tongyi",
    "url": "https://chat.qwen.ai/c/86ad2eab-72dd-4342-a240-0a6ea5f6aa22",
    "title": "请用一句话说明你是什么模型（不要调用任何工具）",
    "file": "D:\\软件\\XianRenZhangAgent\\xrz_data\\XianRenZhang_tasks\\conversations\\conv_tongyi_20260912_224157.json",
    "created_at": "2026-09-12T22:41:57.700816",
    "updated_at": "2026-09-12T22:41:57.700834"
   },
   {
    "id": "tongyi_20260912_223600_77769",
    "platform": "tongyi",
    "url": "https://chat.qwen.ai/c/86ad2eab-72dd-4342-a240-0a6ea5f6aa22",
    "title": "请用一句话说明你是什么模型（不要调用任何工具）",
    "file": "D:\\软件\\XianRenZhangAgent\\xrz_data\\XianRenZhang_tasks\\conversations\\conv_tongyi_20260912_223600.json",
    "created_at": "2026-09-12T22:36:00.977410",
    "updated_at": "2026-09-12T22:36:00.977436"
   },
   {
    "id": "deepseek_20260912_223327_76535",
    "platform": "deepseek",
    "url": "https://chat.deepseek.com/a/chat/s/24aad61b-c7f1-49a8-bb14-e9a485c2d9ba",
    "title": "深度思考 开启",
    "file": "D:\\软件\\XianRenZhangAgent\\xrz_data\\XianRenZhang_tasks\\conversations\\conv_deepseek_20260912_223327.json",
    "created_at": "2026-09-12T22:33:27.195416",
    "updated_at": "2026-09-12T22:33:27.195440"
   },
   {
    "id": "deepseek_20260912_223151_57930",
    "platform": "deepseek",
    "url": "https://chat.deepseek.com/a/chat/s/24aad61b-c7f1-49a8-bb14-e9a485c2d9ba",
    "title": "深度思考 开启",
    "file": "D:\\软件\\XianRenZhangAgent\\xrz_data\\XianRenZhang_tasks\\conversations\\conv_deepseek_20260912_223150.json",
    "created_at": "2026-09-12T22:31:51.018841",
    "updated_at": "2026-09-12T22:31:51.018849"
   },
   {
    "id": "deepseek_20260912_223019_04325",
    "platform": "deepseek",
    "url": "https://chat.deepseek.com/a/chat/s/24aad61b-c7f1-49a8-bb14-e9a485c2d9ba",
    "title": "深度思考 开启",
    "file": "D:\\软件\\XianRenZhangAgent\\xrz_data\\XianRenZhang_tasks\\conversations\\conv_deepseek_20260912_223019.json",
    "created_at": "2026-09-12T22:30:19.684588",
    "updated_at": "2026-09-12T22:30:19.684610"
   },
   {
    "id": "tongyi_20260912_221657_37179",
    "platform": "tongyi",
    "url": "https://chat.qwen.ai/c/5cd467ce-623e-415f-a19b-42d007547571",
    "title": "请用一句话说明你是什么模型/平台（不要调用任何工具）",
    "file": "D:\\软件\\XianRenZhangAgent\\xrz_data\\XianRenZhang_tasks\\conversations\\conv_tongyi_20260912_221657.json",
    "created_at": "2026-09-12T22:16:57.186581",
    "updated_at": "2026-09-12T22:16:57.186773"
   },
   {
    "id": "deepseek_20260912_221005_14760",
    "platform": "deepseek",
    "url": "https://chat.deepseek.com/a/chat/s/25bff81b-d12f-4bbf-bb95-e4b74fdd1241",
    "title": "请用一句话解释什么是 Python 装饰器（不要调用任何工具）",
    "file": "D:\\软件\\XianRenZhangAgent\\xrz_data\\XianRenZhang_tasks\\conversations\\conv_deepseek_20260912_221005.json",
    "created_at": "2026-09-12T22:10:05.533979",
    "updated_at": "2026-09-12T22:10:05.534223"
   },
   {
    "id": "deepseek_20260912_220757_82984",
    "platform": "deepseek",
    "url": "https://chat.deepseek.com/a/chat/s/25bff81b-d12f-4bbf-bb95-e4b74fdd1241",
    "title": "请用一句话解释什么是 Python 装饰器（不要调用任何工具）",
    "file": "D:\\软件\\XianRenZhangAgent\\xrz_data\\XianRenZhang_tasks\\conversations\\conv_deepseek_20260912_220757.json",
    "created_at": "2026-09-12T22:07:57.600671",
    "updated_at": "2026-09-12T22:07:57.600712"
   },
   {
    "id": "deepseek_20260912_215611_17023",
    "platform": "deepseek",
    "url": "https://chat.deepseek.com/a/chat/s/bcd20fae-0e58-4d46-aec2-468aea76169d",
    "title": "切换到 deepseek 平台",
    "file": "D:\\软件\\XianRenZhangAgent\\xrz_data\\XianRenZhang_tasks\\conversations\\conv_deepseek_20260912_215611.json",
    "created_at": "2026-09-12T21:56:11.748400",
    "updated_at": "2026-09-12T21:56:11.748407"
   },
   {
    "id": "deepseek_20260912_215549_86591",
    "platform": "deepseek",
    "url": "https://chat.deepseek.com/a/chat/s/bcd20fae-0e58-4d46-aec2-468aea76169d",
    "title": "切换到 deepseek 平台",
    "file": "D:\\软件\\XianRenZhangAgent\\xrz_data\\XianRenZhang_tasks\\conversations\\conv_deepseek_20260912_215549.json",
    "created_at": "2026-09-12T21:55:49.562808",
    "updated_at": "2026-09-12T21:55:49.562827"
   },
   {
    "id": "deepseek_20260912_215441_74625",
    "platform": "deepseek",
    "url": "https://chat.deepseek.com/a/chat/s/bcd20fae-0e58-4d46-aec2-468aea76169d",
    "title": "切换到 deepseek 平台",
    "file": "D:\\软件\\XianRenZhangAgent\\xrz_data\\XianRenZhang_tasks\\conversations\\conv_deepseek_20260912_215441.json",
    "created_at": "2026-09-12T21:54:41.785076",
    "updated_at": "2026-09-12T21:54:41.785092"
   },
   {
    "id": "deepseek_20260912_215206_61949",
    "platform": "deepseek",
    "url": "https://chat.deepseek.com/a/chat/s/bcd20fae-0e58-4d46-aec2-468aea76169d",
    "title": "切换到 deepseek 平台",
    "file": "D:\\软件\\XianRenZhangAgent\\xrz_data\\XianRenZhang_tasks\\conversations\\conv_deepseek_20260912_215206.json",
    "created_at": "2026-09-12T21:52:06.752170",
    "updated_at": "2026-09-12T21:52:06.752186"
   },
   {
    "id": "deepseek_20260912_214930_33892",
    "platform": "deepseek",
    "url": "https://chat.deepseek.com/a/chat/s/bcd20fae-0e58-4d46-aec2-468aea76169d",
    "title": "切换到 deepseek 平台",
    "file": "D:\\软件\\XianRenZhangAgent\\xrz_data\\XianRenZhang_tasks\\conversations\\conv_deepseek_20260912_214930.json",
    "created_at": "2026-09-12T21:49:30.382290",
    "updated_at": "2026-09-12T21:49:30.382307"
   },
   {
    "id": "deepseek_20260912_213101_19417",
    "platform": "deepseek",
    "url": "https://chat.deepseek.com/a/chat/s/bcd20fae-0e58-4d46-aec2-468aea76169d",
    "title": "切换到 deepseek 平台",
    "file": "D:\\软件\\XianRenZhangAgent\\xrz_data\\XianRenZhang_tasks\\conversations\\conv_deepseek_20260912_213101.json",
    "created_at": "2026-09-12T21:31:01.482449",
    "updated_at": "2026-09-12T21:31:01.482642"
   },
   {
    "id": "deepseek_20260912_212938_64969",
    "platform": "deepseek",
    "url": "https://chat.deepseek.com/a/chat/s/bcd20fae-0e58-4d46-aec2-468aea76169d",
    "title": "切换到 deepseek 平台",
    "file": "D:\\软件\\XianRenZhangAgent\\xrz_data\\XianRenZhang_tasks\\conversations\\conv_deepseek_20260912_212938.json",
    "created_at": "2026-09-12T21:29:38.151009",
    "updated_at": "2026-09-12T21:29:38.151148"
   },
   {
    "id": "deepseek_20260912_212840_17638",
    "platform": "deepseek",
    "url": "https://chat.deepseek.com/a/chat/s/bcd20fae-0e58-4d46-aec2-468aea76169d",
    "title": "切换到 deepseek 平台",
    "file": "D:\\软件\\XianRenZhangAgent\\xrz_data\\XianRenZhang_tasks\\conversations\\conv_deepseek_20260912_212840.json",
    "created_at": "2026-09-12T21:28:40.163304",
    "updated_at": "2026-09-12T21:28:40.163901"
   },
   {
    "id": "deepseek_20260912_210922_25708",
    "platform": "deepseek",
    "url": "https://chat.deepseek.com/a/chat/s/ed041016-8f73-4d79-960f-f5b9dcff3078",
    "title": "=== 子代理任务（类型：research） ===\n\n任务描述：深度研究: Python asyncio 基本用法，一句话总结 (最多访问 5 个页面)\n\n=== 协议格式（必须遵守） ===\n所有工具调用必须用 @@@@ 包裹：\n@@@@\n{\"tool\":\"工具名\",\"params\":{...},\"id\":\"唯一标识\"}\n@@@@\n\n=== 可用工具 ===\n- file_write: 写入文",
    "file": "D:\\软件\\XianRenZhangAgent\\xrz_data\\XianRenZhang_tasks\\conversations\\conv_deepseek_20260912_210922.json",
    "created_at": "2026-09-12T21:09:22.413148",
    "updated_at": "2026-09-12T21:09:22.413603"
   },
   {
    "id": "deepseek_20260912_210815_67312",
    "platform": "deepseek",
    "url": "https://chat.deepseek.com/a/chat/s/bcd20fae-0e58-4d46-aec2-468aea76169d",
    "title": "切换到 deepseek 平台",
    "file": "D:\\软件\\XianRenZhangAgent\\xrz_data\\XianRenZhang_tasks\\conversations\\conv_deepseek_20260912_210815.json",
    "created_at": "2026-09-12T21:08:15.128248",
    "updated_at": "2026-09-12T21:08:15.128618"
   },
   {
    "id": "deepseek_20260912_210512_96918",
    "platform": "deepseek",
    "url": "https://chat.deepseek.com/a/chat/s/eda76e5b-fa21-4fb0-99fb-57daae6c56a4",
    "title": "=== 子代理任务（类型：research） ===\n\n任务描述：深度研究: Python asyncio 基本用法 总结 (最多访问 5 个页面)\n\n=== 协议格式（必须遵守） ===\n所有工具调用必须用 @@@@ 包裹：\n@@@@\n{\"tool\":\"工具名\",\"params\":{...},\"id\":\"唯一标识\"}\n@@@@\n\n=== 可用工具 ===\n- file_write: 写入文件（参",
    "file": "D:\\软件\\XianRenZhangAgent\\xrz_data\\XianRenZhang_tasks\\conversations\\conv_deepseek_20260912_210512.json",
    "created_at": "2026-09-12T21:05:12.563139",
    "updated_at": "2026-09-12T21:05:12.563327"
   },
   {
    "id": "deepseek_20260912_210407_00488",
    "platform": "deepseek",
    "url": "https://chat.deepseek.com/a/chat/s/d4e78058-efb9-4688-82eb-e931d27821d0",
    "title": "=== 子代理任务（类型：research） ===\n\n任务描述：深度研究: Python asyncio 基本用法 总结 (最多访问 5 个页面)\n\n=== 协议格式（必须遵守） ===\n所有工具调用必须用 @@@@ 包裹：\n@@@@\n{\"tool\":\"工具名\",\"params\":{...},\"id\":\"唯一标识\"}\n@@@@\n\n=== 可用工具 ===\n- file_write: 写入文件（参",
    "file": "D:\\软件\\XianRenZhangAgent\\xrz_data\\XianRenZhang_tasks\\conversations\\conv_deepseek_20260912_210407.json",
    "created_at": "2026-09-12T21:04:07.856317",
    "updated_at": "2026-09-12T21:04:07.856685"
   },
   {
    "id": "deepseek_20260912_210334_48771",
    "platform": "deepseek",
    "url": "https://chat.deepseek.com/a/chat/s/0c0497e5-226c-4329-a1fe-94b1e2fa2c33",
    "title": "切换到 deepseek 平台",
    "file": "D:\\软件\\XianRenZhangAgent\\xrz_data\\XianRenZhang_tasks\\conversations\\conv_deepseek_20260912_210334.json",
    "created_at": "2026-09-12T21:03:34.375978",
    "updated_at": "2026-09-12T21:03:34.376010"
   },
   {
    "id": "deepseek_20260912_202722_13086",
    "platform": "deepseek",
    "url": "https://chat.deepseek.com/a/chat/s/1f253178-d16b-4605-9138-e3fa77c8ed0a",
    "title": "=== 子代理任务（类型：research） ===\n\n任务描述：深度研究: 研究 Python asyncio 基本用法，一句话总结 (最多访问 5 个页面)\n\n=== 协议格式（必须遵守） ===\n所有工具调用必须用 @@@@ 包裹：\n@@@@\n{\"tool\":\"工具名\",\"params\":{...},\"id\":\"唯一标识\"}\n@@@@\n\n=== 可用工具 ===\n- file_write: ",
    "file": "D:\\软件\\XianRenZhangAgent\\xrz_data\\XianRenZhang_tasks\\conversations\\conv_deepseek_20260912_202722.json",
    "created_at": "2026-09-12T20:27:22.411666",
    "updated_at": "2026-09-12T20:27:22.411681"
   },
   {
    "id": "deepseek_20260912_202636_50522",
    "platform": "deepseek",
    "url": "https://chat.deepseek.com/a/chat/s/1f253178-d16b-4605-9138-e3fa77c8ed0a",
    "title": "=== 子代理任务（类型：research） ===\n\n任务描述：深度研究: 研究 Python asyncio 基本用法，一句话总结 (最多访问 5 个页面)\n\n=== 协议格式（必须遵守） ===\n所有工具调用必须用 @@@@ 包裹：\n@@@@\n{\"tool\":\"工具名\",\"params\":{...},\"id\":\"唯一标识\"}\n@@@@\n\n=== 可用工具 ===\n- file_write: ",
    "file": "D:\\软件\\XianRenZhangAgent\\xrz_data\\XianRenZhang_tasks\\conversations\\conv_deepseek_20260912_202636.json",
    "created_at": "2026-09-12T20:26:36.258806",
    "updated_at": "2026-09-12T20:26:36.258846"
   },
   {
    "id": "deepseek_20260912_202623_93732",
    "platform": "deepseek",
    "url": "https://chat.deepseek.com/a/chat/s/590662a8-3021-4d1f-945d-585b4ee83660",
    "title": "请用一句话解释 Python GIL",
    "file": "D:\\软件\\XianRenZhangAgent\\xrz_data\\XianRenZhang_tasks\\conversations\\conv_deepseek_20260912_202623.json",
    "created_at": "2026-09-12T20:26:23.673461",
    "updated_at": "2026-09-12T20:26:23.673496"
   },
   {
    "id": "deepseek_20260912_202613_55574",
    "platform": "deepseek",
    "url": "https://chat.deepseek.com/a/chat/s/590662a8-3021-4d1f-945d-585b4ee83660",
    "title": "请用一句话解释 Python GIL",
    "file": "D:\\软件\\XianRenZhangAgent\\xrz_data\\XianRenZhang_tasks\\conversations\\conv_deepseek_20260912_202613.json",
    "created_at": "2026-09-12T20:26:13.472046",
    "updated_at": "2026-09-12T20:26:13.472228"
   },
   {
    "id": "deepseek_20260912_202530_11310",
    "platform": "deepseek",
    "url": "https://chat.deepseek.com/a/chat/s/590662a8-3021-4d1f-945d-585b4ee83660",
    "title": "请用一句话解释 Python GIL",
    "file": "D:\\软件\\XianRenZhangAgent\\xrz_data\\XianRenZhang_tasks\\conversations\\conv_deepseek_20260912_202530.json",
    "created_at": "2026-09-12T20:25:30.572357",
    "updated_at": "2026-09-12T20:25:30.572667"
   },
   {
    "id": "deepseek_20260912_202501_71431",
    "platform": "deepseek",
    "url": "https://chat.deepseek.com/a/chat/s/590662a8-3021-4d1f-945d-585b4ee83660",
    "title": "请用一句话解释 Python GIL",
    "file": "D:\\软件\\XianRenZhangAgent\\xrz_data\\XianRenZhang_tasks\\conversations\\conv_deepseek_20260912_202501.json",
    "created_at": "2026-09-12T20:25:01.539320",
    "updated_at": "2026-09-12T20:25:01.539340"
   },
   {
    "id": "deepseek_20260912_201924_01324",
    "platform": "deepseek",
    "url": "https://chat.deepseek.com/a/chat/s/590662a8-3021-4d1f-945d-585b4ee83660",
    "title": "请用一句话解释 Python GIL",
    "file": "D:\\软件\\XianRenZhangAgent\\xrz_data\\XianRenZhang_tasks\\conversations\\conv_deepseek_20260912_201924.json",
    "created_at": "2026-09-12T20:19:24.510939",
    "updated_at": "2026-09-12T20:19:24.510946"
   },
   {
    "id": "deepseek_20260912_201920_90521",
    "platform": "deepseek",
    "url": "https://chat.deepseek.com/a/chat/s/590662a8-3021-4d1f-945d-585b4ee83660",
    "title": "请用一句话解释 Python GIL",
    "file": "D:\\软件\\XianRenZhangAgent\\xrz_data\\XianRenZhang_tasks\\conversations\\conv_deepseek_20260912_201920.json",
    "created_at": "2026-09-12T20:19:20.148500",
    "updated_at": "2026-09-12T20:19:20.148508"
   },
   {
    "id": "deepseek_20260912_201914_36647",
    "platform": "deepseek",
    "url": "https://chat.deepseek.com/a/chat/s/590662a8-3021-4d1f-945d-585b4ee83660",
    "title": "请用一句话解释 Python GIL",
    "file": "D:\\软件\\XianRenZhangAgent\\xrz_data\\XianRenZhang_tasks\\conversations\\conv_deepseek_20260912_201914.json",
    "created_at": "2026-09-12T20:19:14.611801",
    "updated_at": "2026-09-12T20:19:14.611812"
   },
   {
    "id": "deepseek_20260912_201909_68363",
    "platform": "deepseek",
    "url": "https://chat.deepseek.com/a/chat/s/590662a8-3021-4d1f-945d-585b4ee83660",
    "title": "请用一句话解释 Python GIL",
    "file": "D:\\软件\\XianRenZhangAgent\\xrz_data\\XianRenZhang_tasks\\conversations\\conv_deepseek_20260912_201909.json",
    "created_at": "2026-09-12T20:19:09.564365",
    "updated_at": "2026-09-12T20:19:09.564375"
   },
   {
    "id": "deepseek_20260912_201842_01204",
    "platform": "deepseek",
    "url": "https://chat.deepseek.com/a/chat/s/590662a8-3021-4d1f-945d-585b4ee83660",
    "title": "请用一句话解释 Python GIL",
    "file": "D:\\软件\\XianRenZhangAgent\\xrz_data\\XianRenZhang_tasks\\conversations\\conv_deepseek_20260912_201842.json",
    "created_at": "2026-09-12T20:18:42.787883",
    "updated_at": "2026-09-12T20:18:42.787892"
   },
   {
    "id": "deepseek_20260912_201834_27889",
    "platform": "deepseek",
    "url": "https://chat.deepseek.com/a/chat/s/590662a8-3021-4d1f-945d-585b4ee83660",
    "title": "请用一句话解释 Python GIL",
    "file": "D:\\软件\\XianRenZhangAgent\\xrz_data\\XianRenZhang_tasks\\conversations\\conv_deepseek_20260912_201834.json",
    "created_at": "2026-09-12T20:18:34.980136",
    "updated_at": "2026-09-12T20:18:34.980150"
   },
   {
    "id": "deepseek_20260912_201827_85421",
    "platform": "deepseek",
    "url": "https://chat.deepseek.com/a/chat/s/590662a8-3021-4d1f-945d-585b4ee83660",
    "title": "请用一句话解释 Python GIL",
    "file": "D:\\软件\\XianRenZhangAgent\\xrz_data\\XianRenZhang_tasks\\conversations\\conv_deepseek_20260912_201827.json",
    "created_at": "2026-09-12T20:18:27.442359",
    "updated_at": "2026-09-12T20:18:27.442367"
   },
   {
    "id": "deepseek_20260912_201809_77469",
    "platform": "deepseek",
    "url": "https://chat.deepseek.com/a/chat/s/590662a8-3021-4d1f-945d-585b4ee83660",
    "title": "请用一句话解释 Python GIL",
    "file": "D:\\软件\\XianRenZhangAgent\\xrz_data\\XianRenZhang_tasks\\conversations\\conv_deepseek_20260912_201809.json",
    "created_at": "2026-09-12T20:18:09.332838",
    "updated_at": "2026-09-12T20:18:09.332858"
   },
   {
    "id": "deepseek_20260912_201801_16464",
    "platform": "deepseek",
    "url": "https://chat.deepseek.com/a/chat/s/590662a8-3021-4d1f-945d-585b4ee83660",
    "title": "请用一句话解释 Python GIL",
    "file": "D:\\软件\\XianRenZhangAgent\\xrz_data\\XianRenZhang_tasks\\conversations\\conv_deepseek_20260912_201801.json",
    "created_at": "2026-09-12T20:18:01.406177",
    "updated_at": "2026-09-12T20:18:01.406194"
   },
   {
    "id": "deepseek_20260912_201756_32953",
    "platform": "deepseek",
    "url": "https://chat.deepseek.com/a/chat/s/590662a8-3021-4d1f-945d-585b4ee83660",
    "title": "请用一句话解释 Python GIL",
    "file": "D:\\软件\\XianRenZhangAgent\\xrz_data\\XianRenZhang_tasks\\conversations\\conv_deepseek_20260912_201756.json",
    "created_at": "2026-09-12T20:17:56.144688",
    "updated_at": "2026-09-12T20:17:56.144701"
   },
   {
    "id": "deepseek_20260912_201738_80088",
    "platform": "deepseek",
    "url": "https://chat.deepseek.com/a/chat/s/590662a8-3021-4d1f-945d-585b4ee83660",
    "title": "请用一句话解释 Python GIL",
    "file": "D:\\软件\\XianRenZhangAgent\\xrz_data\\XianRenZhang_tasks\\conversations\\conv_deepseek_20260912_201738.json",
    "created_at": "2026-09-12T20:17:38.206205",
    "updated_at": "2026-09-12T20:17:38.206246"
   },
   {
    "id": "deepseek_20260912_201720_15987",
    "platform": "deepseek",
    "url": "https://chat.deepseek.com/a/chat/s/590662a8-3021-4d1f-945d-585b4ee83660",
    "title": "请用一句话解释 Python GIL",
    "file": "D:\\软件\\XianRenZhangAgent\\xrz_data\\XianRenZhang_tasks\\conversations\\conv_deepseek_20260912_201720.json",
    "created_at": "2026-09-12T20:17:20.160352",
    "updated_at": "2026-09-12T20:17:20.160363"
   },
   {
    "id": "deepseek_20260912_201704_59722",
    "platform": "deepseek",
    "url": "https://chat.deepseek.com/a/chat/s/590662a8-3021-4d1f-945d-585b4ee83660",
    "title": "请用一句话解释 Python GIL",
    "file": "D:\\软件\\XianRenZhangAgent\\xrz_data\\XianRenZhang_tasks\\conversations\\conv_deepseek_20260912_201704.json",
    "created_at": "2026-09-12T20:17:04.124399",
    "updated_at": "2026-09-12T20:17:04.124423"
   },
   {
    "id": "deepseek_20260912_195651_24068",
    "platform": "deepseek",
    "url": "https://chat.deepseek.com/a/chat/s/f2d401b8-c1cf-4049-bcc9-bd6b3f589d14",
    "title": "请用一句话解释 Python GIL",
    "file": "D:\\软件\\XianRenZhangAgent\\xrz_data\\XianRenZhang_tasks\\conversations\\conv_deepseek_20260912_195651.json",
    "created_at": "2026-09-12T19:56:51.655070",
    "updated_at": "2026-09-12T19:56:51.655077"
   },
   {
    "id": "deepseek_20260912_195604_12894",
    "platform": "deepseek",
    "url": "https://chat.deepseek.com/a/chat/s/f2d401b8-c1cf-4049-bcc9-bd6b3f589d14",
    "title": "请用一句话解释 Python GIL",
    "file": "D:\\软件\\XianRenZhangAgent\\xrz_data\\XianRenZhang_tasks\\conversations\\conv_deepseek_20260912_195604.json",
    "created_at": "2026-09-12T19:56:04.729389",
    "updated_at": "2026-09-12T19:56:04.729402"
   },
   {
    "id": "deepseek_20260912_195557_49261",
    "platform": "deepseek",
    "url": "https://chat.deepseek.com/a/chat/s/f2d401b8-c1cf-4049-bcc9-bd6b3f589d14",
    "title": "请用一句话解释 Python GIL",
    "file": "D:\\软件\\XianRenZhangAgent\\xrz_data\\XianRenZhang_tasks\\conversations\\conv_deepseek_20260912_195557.json",
    "created_at": "2026-09-12T19:55:57.239392",
    "updated_at": "2026-09-12T19:55:57.239412"
   },
   {
    "id": "deepseek_20260912_195505_74634",
    "platform": "deepseek",
    "url": "https://chat.deepseek.com/a/chat/s/f2d401b8-c1cf-4049-bcc9-bd6b3f589d14",
    "title": "请用一句话解释 Python GIL",
    "file": "D:\\软件\\XianRenZhangAgent\\xrz_data\\XianRenZhang_tasks\\conversations\\conv_deepseek_20260912_195505.json",
    "created_at": "2026-09-12T19:55:05.986829",
    "updated_at": "2026-09-12T19:55:05.986892"
   },
   {
    "id": "deepseek_20260912_195459_26156",
    "platform": "deepseek",
    "url": "https://chat.deepseek.com/a/chat/s/f2d401b8-c1cf-4049-bcc9-bd6b3f589d14",
    "title": "请用一句话解释 Python GIL",
    "file": "D:\\软件\\XianRenZhangAgent\\xrz_data\\XianRenZhang_tasks\\conversations\\conv_deepseek_20260912_195459.json",
    "created_at": "2026-09-12T19:54:59.680889",
    "updated_at": "2026-09-12T19:54:59.680900"
   },
   {
    "id": "deepseek_20260912_195431_84736",
    "platform": "deepseek",
    "url": "https://chat.deepseek.com/a/chat/s/f2d401b8-c1cf-4049-bcc9-bd6b3f589d14",
    "title": "请用一句话解释 Python GIL",
    "file": "D:\\软件\\XianRenZhangAgent\\xrz_data\\XianRenZhang_tasks\\conversations\\conv_deepseek_20260912_195431.json",
    "created_at": "2026-09-12T19:54:31.801365",
    "updated_at": "2026-09-12T19:54:31.801399"
   },
   {
    "id": "deepseek_20260912_195406_56175",
    "platform": "deepseek",
    "url": "https://chat.deepseek.com/a/chat/s/f2d401b8-c1cf-4049-bcc9-bd6b3f589d14",
    "title": "请用一句话解释 Python GIL",
    "file": "D:\\软件\\XianRenZhangAgent\\xrz_data\\XianRenZhang_tasks\\conversations\\conv_deepseek_20260912_195406.json",
    "created_at": "2026-09-12T19:54:06.942242",
    "updated_at": "2026-09-12T19:54:06.942251"
   },
   {
    "id": "deepseek_20260912_195354_53899",
    "platform": "deepseek",
    "url": "https://chat.deepseek.com/a/chat/s/f2d401b8-c1cf-4049-bcc9-bd6b3f589d14",
    "title": "请用一句话解释 Python GIL",
    "file": "D:\\软件\\XianRenZhangAgent\\xrz_data\\XianRenZhang_tasks\\conversations\\conv_deepseek_20260912_195354.json",
    "created_at": "2026-09-12T19:53:54.103081",
    "updated_at": "2026-09-12T19:53:54.103120"
   },
   {
    "id": "deepseek_20260912_195313_58193",
    "platform": "deepseek",
    "url": "https://chat.deepseek.com/a/chat/s/f2d401b8-c1cf-4049-bcc9-bd6b3f589d14",
    "title": "请用一句话解释 Python GIL",
    "file": "D:\\软件\\XianRenZhangAgent\\xrz_data\\XianRenZhang_tasks\\conversations\\conv_deepseek_20260912_195313.json",
    "created_at": "2026-09-12T19:53:13.973213",
    "updated_at": "2026-09-12T19:53:13.973260"
   },
   {
    "id": "deepseek_20260912_195249_82317",
    "platform": "deepseek",
    "url": "https://chat.deepseek.com/a/chat/s/f2d401b8-c1cf-4049-bcc9-bd6b3f589d14",
    "title": "请用一句话解释 Python GIL",
    "file": "D:\\软件\\XianRenZhangAgent\\xrz_data\\XianRenZhang_tasks\\conversations\\conv_deepseek_20260912_195249.json",
    "created_at": "2026-09-12T19:52:49.427602",
    "updated_at": "2026-09-12T19:52:49.427973"
   },
   {
    "id": "deepseek_20260912_194605_60495",
    "platform": "deepseek",
    "url": "https://chat.deepseek.com/a/chat/s/f2d401b8-c1cf-4049-bcc9-bd6b3f589d14",
    "title": "平台对话：请用一句话解释 Python 中的 GIL",
    "file": "D:\\软件\\XianRenZhangAgent\\xrz_data\\XianRenZhang_tasks\\conversations\\conv_deepseek_20260912_194605.json",
    "created_at": "2026-09-12T19:46:05.201933",
    "updated_at": "2026-09-12T19:46:05.201981"
   },
   {
    "id": "deepseek_20260912_194506_45044",
    "platform": "deepseek",
    "url": "https://chat.deepseek.com/a/chat/s/f2d401b8-c1cf-4049-bcc9-bd6b3f589d14",
    "title": "平台对话：请用一句话解释 Python 中的 GIL",
    "file": "D:\\软件\\XianRenZhangAgent\\xrz_data\\XianRenZhang_tasks\\conversations\\conv_deepseek_20260912_194505.json",
    "created_at": "2026-09-12T19:45:06.098798",
    "updated_at": "2026-09-12T19:45:06.098837"
   },
   {
    "id": "deepseek_20260912_193658_56847",
    "platform": "deepseek",
    "url": "https://chat.deepseek.com/a/chat/s/f2d401b8-c1cf-4049-bcc9-bd6b3f589d14",
    "title": "只回复：DeepSeek在线测试成功。不要调用任何工具。",
    "file": "D:\\软件\\XianRenZhangAgent\\xrz_data\\XianRenZhang_tasks\\conversations\\conv_deepseek_20260912_193658.json",
    "created_at": "2026-09-12T19:36:58.979349",
    "updated_at": "2026-09-12T19:36:58.979368"
   },
   {
    "id": "deepseek_20260912_192950_45206",
    "platform": "deepseek",
    "url": "https://chat.deepseek.com/a/chat/s/f2d401b8-c1cf-4049-bcc9-bd6b3f589d14",
    "title": "请用一句话解释 Python 中的 GIL",
    "file": "D:\\软件\\XianRenZhangAgent\\xrz_data\\XianRenZhang_tasks\\conversations\\conv_deepseek_20260912_192950.json",
    "created_at": "2026-09-12T19:29:50.820187",
    "updated_at": "2026-09-12T19:29:50.820700"
   },
   {
    "id": "deepseek_20260912_192803_21419",
    "platform": "deepseek",
    "url": "https://chat.deepseek.com/a/chat/s/f2d401b8-c1cf-4049-bcc9-bd6b3f589d14",
    "title": "请用一句话解释 Python 中的 GIL",
    "file": "D:\\软件\\XianRenZhangAgent\\xrz_data\\XianRenZhang_tasks\\conversations\\conv_deepseek_20260912_192803.json",
    "created_at": "2026-09-12T19:28:03.567839",
    "updated_at": "2026-09-12T19:28:03.568213"
   },
   {
    "id": "deepseek_20260912_192619_92135",
    "platform": "deepseek",
    "url": "https://chat.deepseek.com/a/chat/s/f2d401b8-c1cf-4049-bcc9-bd6b3f589d14",
    "title": "请用一句话解释 Python 中的 GIL",
    "file": "D:\\软件\\XianRenZhangAgent\\xrz_data\\XianRenZhang_tasks\\conversations\\conv_deepseek_20260912_192619.json",
    "created_at": "2026-09-12T19:26:19.997025",
    "updated_at": "2026-09-12T19:26:19.997083"
   },
   {
    "id": "deepseek_20260912_192601_37545",
    "platform": "deepseek",
    "url": "https://chat.deepseek.com/a/chat/s/f2d401b8-c1cf-4049-bcc9-bd6b3f589d14",
    "title": "请用一句话解释 Python 中的 GIL",
    "file": "D:\\软件\\XianRenZhangAgent\\xrz_data\\XianRenZhang_tasks\\conversations\\conv_deepseek_20260912_192601.json",
    "created_at": "2026-09-12T19:26:01.361955",
    "updated_at": "2026-09-12T19:26:01.362213"
   },
   {
    "id": "deepseek_20260912_192041_53872",
    "platform": "deepseek",
    "url": "https://chat.deepseek.com/a/chat/s/f2d401b8-c1cf-4049-bcc9-bd6b3f589d14",
    "title": "请用一句话解释 Python 中的 GIL",
    "file": "D:\\软件\\XianRenZhangAgent\\xrz_data\\XianRenZhang_tasks\\conversations\\conv_deepseek_20260912_192041.json",
    "created_at": "2026-09-12T19:20:41.685983",
    "updated_at": "2026-09-12T19:20:41.686037"
   },
   {
    "id": "deepseek_20260912_191803_31623",
    "platform": "deepseek",
    "url": "https://chat.deepseek.com/a/chat/s/f2d401b8-c1cf-4049-bcc9-bd6b3f589d14",
    "title": "请用一句话解释 Python 中的 GIL",
    "file": "D:\\软件\\XianRenZhangAgent\\xrz_data\\XianRenZhang_tasks\\conversations\\conv_deepseek_20260912_191803.json",
    "created_at": "2026-09-12T19:18:03.753312",
    "updated_at": "2026-09-12T19:18:03.753330"
   },
   {
    "id": "deepseek_20260912_191745_30156",
    "platform": "deepseek",
    "url": "https://chat.deepseek.com/a/chat/s/f2d401b8-c1cf-4049-bcc9-bd6b3f589d14",
    "title": "请用一句话解释 Python 中的 GIL",
    "file": "D:\\软件\\XianRenZhangAgent\\xrz_data\\XianRenZhang_tasks\\conversations\\conv_deepseek_20260912_191745.json",
    "created_at": "2026-09-12T19:17:45.534662",
    "updated_at": "2026-09-12T19:17:45.548996"
   },
   {
    "id": "deepseek_20260912_191547_30461",
    "platform": "deepseek",
    "url": "https://chat.deepseek.com/a/chat/s/f2d401b8-c1cf-4049-bcc9-bd6b3f589d14",
    "title": "请用一句话解释 Python 中的 GIL",
    "file": "D:\\软件\\XianRenZhangAgent\\xrz_data\\XianRenZhang_tasks\\conversations\\conv_deepseek_20260912_191547.json",
    "created_at": "2026-09-12T19:15:47.658936",
    "updated_at": "2026-09-12T19:15:47.659361"
   },
   {
    "id": "deepseek_20260912_191527_52543",
    "platform": "deepseek",
    "url": "https://chat.deepseek.com/a/chat/s/f2d401b8-c1cf-4049-bcc9-bd6b3f589d14",
    "title": "请用一句话解释 Python 中的 GIL",
    "file": "D:\\软件\\XianRenZhangAgent\\xrz_data\\XianRenZhang_tasks\\conversations\\conv_deepseek_20260912_191527.json",
    "created_at": "2026-09-12T19:15:27.834971",
    "updated_at": "2026-09-12T19:15:27.835046"
   },
   {
    "id": "deepseek_20260912_191504_35598",
    "platform": "deepseek",
    "url": "https://chat.deepseek.com/a/chat/s/f2d401b8-c1cf-4049-bcc9-bd6b3f589d14",
    "title": "请用一句话解释 Python 中的 GIL",
    "file": "D:\\软件\\XianRenZhangAgent\\xrz_data\\XianRenZhang_tasks\\conversations\\conv_deepseek_20260912_191503.json",
    "created_at": "2026-09-12T19:15:04.054188",
    "updated_at": "2026-09-12T19:15:04.054622"
   },
   {
    "id": "deepseek_20260912_191350_56064",
    "platform": "deepseek",
    "url": "https://chat.deepseek.com/a/chat/s/f2d401b8-c1cf-4049-bcc9-bd6b3f589d14",
    "title": "请用一句话解释 Python 中的 GIL",
    "file": "D:\\软件\\XianRenZhangAgent\\xrz_data\\XianRenZhang_tasks\\conversations\\conv_deepseek_20260912_191350.json",
    "created_at": "2026-09-12T19:13:50.966980",
    "updated_at": "2026-09-12T19:13:50.967006"
   },
   {
    "id": "deepseek_20260912_191219_81306",
    "platform": "deepseek",
    "url": "https://chat.deepseek.com/a/chat/s/f2d401b8-c1cf-4049-bcc9-bd6b3f589d14",
    "title": "请用一句话解释 Python 中的 GIL",
    "file": "D:\\软件\\XianRenZhangAgent\\xrz_data\\XianRenZhang_tasks\\conversations\\conv_deepseek_20260912_191219.json",
    "created_at": "2026-09-12T19:12:19.565068",
    "updated_at": "2026-09-12T19:12:19.565079"
   },
   {
    "id": "deepseek_20260912_191159_90581",
    "platform": "deepseek",
    "url": "https://chat.deepseek.com/a/chat/s/f2d401b8-c1cf-4049-bcc9-bd6b3f589d14",
    "title": "请用一句话解释 Python 中的 GIL",
    "file": "D:\\软件\\XianRenZhangAgent\\xrz_data\\XianRenZhang_tasks\\conversations\\conv_deepseek_20260912_191159.json",
    "created_at": "2026-09-12T19:11:59.552255",
    "updated_at": "2026-09-12T19:11:59.552826"
   },
   {
    "id": "deepseek_20260912_190929_17040",
    "platform": "deepseek",
    "url": "https://chat.deepseek.com/a/chat/s/f2d401b8-c1cf-4049-bcc9-bd6b3f589d14",
    "title": "请用一句话解释 Python 中的 GIL",
    "file": "D:\\软件\\XianRenZhangAgent\\xrz_data\\XianRenZhang_tasks\\conversations\\conv_deepseek_20260912_190929.json",
    "created_at": "2026-09-12T19:09:29.921958",
    "updated_at": "2026-09-12T19:09:29.922260"
   },
   {
    "id": "deepseek_20260912_190912_79281",
    "platform": "deepseek",
    "url": "https://chat.deepseek.com/a/chat/s/f2d401b8-c1cf-4049-bcc9-bd6b3f589d14",
    "title": "请用一句话解释 Python 中的 GIL",
    "file": "D:\\软件\\XianRenZhangAgent\\xrz_data\\XianRenZhang_tasks\\conversations\\conv_deepseek_20260912_190912.json",
    "created_at": "2026-09-12T19:09:12.827543",
    "updated_at": "2026-09-12T19:09:12.828119"
   },
   {
    "id": "deepseek_20260912_190713_85153",
    "platform": "deepseek",
    "url": "https://chat.deepseek.com/a/chat/s/f2d401b8-c1cf-4049-bcc9-bd6b3f589d14",
    "title": "请用一句话解释 Python 中的 GIL",
    "file": "D:\\软件\\XianRenZhangAgent\\xrz_data\\XianRenZhang_tasks\\conversations\\conv_deepseek_20260912_190712.json",
    "created_at": "2026-09-12T19:07:13.056673",
    "updated_at": "2026-09-12T19:07:13.056748"
   },
   {
    "id": "deepseek_20260912_190551_60446",
    "platform": "deepseek",
    "url": "https://chat.deepseek.com/a/chat/s/f2d401b8-c1cf-4049-bcc9-bd6b3f589d14",
    "title": "请用一句话解释 Python 中的 GIL",
    "file": "D:\\软件\\XianRenZhangAgent\\xrz_data\\XianRenZhang_tasks\\conversations\\conv_deepseek_20260912_190551.json",
    "created_at": "2026-09-12T19:05:51.842883",
    "updated_at": "2026-09-12T19:05:51.842908"
   },
   {
    "id": "deepseek_20260912_190510_05796",
    "platform": "deepseek",
    "url": "https://chat.deepseek.com/a/chat/s/f2d401b8-c1cf-4049-bcc9-bd6b3f589d14",
    "title": "请用一句话解释 Python 中的 GIL",
    "file": "D:\\软件\\XianRenZhangAgent\\xrz_data\\XianRenZhang_tasks\\conversations\\conv_deepseek_20260912_190510.json",
    "created_at": "2026-09-12T19:05:10.210516",
    "updated_at": "2026-09-12T19:05:10.210535"
   },
   {
    "id": "deepseek_20260912_190436_32064",
    "platform": "deepseek",
    "url": "https://chat.deepseek.com/a/chat/s/f2d401b8-c1cf-4049-bcc9-bd6b3f589d14",
    "title": "请用一句话解释 Python 中的 GIL",
    "file": "D:\\软件\\XianRenZhangAgent\\xrz_data\\XianRenZhang_tasks\\conversations\\conv_deepseek_20260912_190436.json",
    "created_at": "2026-09-12T19:04:36.320562",
    "updated_at": "2026-09-12T19:04:36.320580"
   },
   {
    "id": "deepseek_20260912_190353_94276",
    "platform": "deepseek",
    "url": "https://chat.deepseek.com/a/chat/s/f2d401b8-c1cf-4049-bcc9-bd6b3f589d14",
    "title": "请用一句话解释 Python 中的 GIL",
    "file": "D:\\软件\\XianRenZhangAgent\\xrz_data\\XianRenZhang_tasks\\conversations\\conv_deepseek_20260912_190353.json",
    "created_at": "2026-09-12T19:03:53.845198",
    "updated_at": "2026-09-12T19:03:53.845449"
   },
   {
    "id": "deepseek_20260912_190257_60052",
    "platform": "deepseek",
    "url": "https://chat.deepseek.com/a/chat/s/f2d401b8-c1cf-4049-bcc9-bd6b3f589d14",
    "title": "请用一句话解释 Python 中的 GIL",
    "file": "D:\\软件\\XianRenZhangAgent\\xrz_data\\XianRenZhang_tasks\\conversations\\conv_deepseek_20260912_190257.json",
    "created_at": "2026-09-12T19:02:57.891889",
    "updated_at": "2026-09-12T19:02:57.891906"
   },
   {
    "id": "deepseek_20260912_190200_53143",
    "platform": "deepseek",
    "url": "https://chat.deepseek.com/a/chat/s/f2d401b8-c1cf-4049-bcc9-bd6b3f589d14",
    "title": "请用一句话解释 Python 中的 GIL",
    "file": "D:\\软件\\XianRenZhangAgent\\xrz_data\\XianRenZhang_tasks\\conversations\\conv_deepseek_20260912_190200.json",
    "created_at": "2026-09-12T19:02:00.272624",
    "updated_at": "2026-09-12T19:02:00.272665"
   },
   {
    "id": "deepseek_20260912_190103_44493",
    "platform": "deepseek",
    "url": "https://chat.deepseek.com/a/chat/s/f2d401b8-c1cf-4049-bcc9-bd6b3f589d14",
    "title": "请用一句话解释 Python 中的 GIL",
    "file": "D:\\软件\\XianRenZhangAgent\\xrz_data\\XianRenZhang_tasks\\conversations\\conv_deepseek_20260912_190103.json",
    "created_at": "2026-09-12T19:01:03.221511",
    "updated_at": "2026-09-12T19:01:03.221530"
   },
   {
    "id": "deepseek_20260912_182329_36056",
    "platform": "deepseek",
    "url": "https://chat.deepseek.com/a/chat/s/f2d401b8-c1cf-4049-bcc9-bd6b3f589d14",
    "title": "你好，请用一句话回复：测试成功",
    "file": "D:\\软件\\XianRenZhangAgent\\xrz_data\\XianRenZhang_tasks\\conversations\\conv_deepseek_20260912_182329.json",
    "created_at": "2026-09-12T18:23:29.914183",
    "updated_at": "2026-09-12T18:23:29.914241"
   },
   {
    "id": "deepseek_20260912_182217_23565",
    "platform": "deepseek",
    "url": "https://chat.deepseek.com/a/chat/s/f2d401b8-c1cf-4049-bcc9-bd6b3f589d14",
    "title": "你好，请用一句话回复：测试成功",
    "file": "D:\\软件\\XianRenZhangAgent\\xrz_data\\XianRenZhang_tasks\\conversations\\conv_deepseek_20260912_182217.json",
    "created_at": "2026-09-12T18:22:17.944801",
    "updated_at": "2026-09-12T18:22:17.944841"
   },
   {
    "id": "deepseek_20260912_182155_08950",
    "platform": "deepseek",
    "url": "https://chat.deepseek.com/a/chat/s/f2d401b8-c1cf-4049-bcc9-bd6b3f589d14",
    "title": "你好，请用一句话回复：测试成功",
    "file": "D:\\软件\\XianRenZhangAgent\\xrz_data\\XianRenZhang_tasks\\conversations\\conv_deepseek_20260912_182155.json",
    "created_at": "2026-09-12T18:21:55.574485",
    "updated_at": "2026-09-12T18:21:55.574549"
   },
   {
    "id": "deepseek_20260912_181758_37435",
    "platform": "deepseek",
    "url": "https://chat.deepseek.com/a/chat/s/f2d401b8-c1cf-4049-bcc9-bd6b3f589d14",
    "title": "你好，请用一句话回复：测试成功",
    "file": "D:\\软件\\XianRenZhangAgent\\xrz_data\\XianRenZhang_tasks\\conversations\\conv_deepseek_20260912_181758.json",
    "created_at": "2026-09-12T18:17:58.893366",
    "updated_at": "2026-09-12T18:17:58.893387"
   },
   {
    "id": "deepseek_20260912_181748_69385",
    "platform": "deepseek",
    "url": "https://chat.deepseek.com/a/chat/s/f2d401b8-c1cf-4049-bcc9-bd6b3f589d14",
    "title": "你好，请用一句话回复：测试成功",
    "file": "D:\\软件\\XianRenZhangAgent\\xrz_data\\XianRenZhang_tasks\\conversations\\conv_deepseek_20260912_181748.json",
    "created_at": "2026-09-12T18:17:48.701383",
    "updated_at": "2026-09-12T18:17:48.701918"
   },
   {
    "id": "deepseek_20260912_181733_50392",
    "platform": "deepseek",
    "url": "https://chat.deepseek.com/a/chat/s/f2d401b8-c1cf-4049-bcc9-bd6b3f589d14",
    "title": "你好，请用一句话回复：测试成功",
    "file": "D:\\软件\\XianRenZhangAgent\\xrz_data\\XianRenZhang_tasks\\conversations\\conv_deepseek_20260912_181732.json",
    "created_at": "2026-09-12T18:17:33.002997",
    "updated_at": "2026-09-12T18:17:33.003291"
   },
   {
    "id": "deepseek_20260912_181550_81958",
    "platform": "deepseek",
    "url": "https://chat.deepseek.com/a/chat/s/f2d401b8-c1cf-4049-bcc9-bd6b3f589d14",
    "title": "你好，请用一句话回复：测试成功",
    "file": "D:\\软件\\XianRenZhangAgent\\xrz_data\\XianRenZhang_tasks\\conversations\\conv_deepseek_20260912_181550.json",
    "created_at": "2026-09-12T18:15:50.885910",
    "updated_at": "2026-09-12T18:15:50.886425"
   },
   {
    "id": "deepseek_20260912_181412_51977",
    "platform": "deepseek",
    "url": "https://chat.deepseek.com/a/chat/s/f2d401b8-c1cf-4049-bcc9-bd6b3f589d14",
    "title": "你好，请用一句话回复：测试成功",
    "file": "D:\\软件\\XianRenZhangAgent\\xrz_data\\XianRenZhang_tasks\\conversations\\conv_deepseek_20260912_181412.json",
    "created_at": "2026-09-12T18:14:12.318967",
    "updated_at": "2026-09-12T18:14:12.320144"
   },
   {
    "id": "deepseek_20260912_181324_44857",
    "platform": "deepseek",
    "url": "https://chat.deepseek.com/a/chat/s/f2d401b8-c1cf-4049-bcc9-bd6b3f589d14",
    "title": "你好，请用一句话回复：测试成功",
    "file": "D:\\软件\\XianRenZhangAgent\\xrz_data\\XianRenZhang_tasks\\conversations\\conv_deepseek_20260912_181324.json",
    "created_at": "2026-09-12T18:13:24.255452",
    "updated_at": "2026-09-12T18:13:24.256145"
   },
   {
    "id": "deepseek_20260912_181301_38223",
    "platform": "deepseek",
    "url": "https://chat.deepseek.com/a/chat/s/f2d401b8-c1cf-4049-bcc9-bd6b3f589d14",
    "title": "你好，请用一句话回复：测试成功",
    "file": "D:\\软件\\XianRenZhangAgent\\xrz_data\\XianRenZhang_tasks\\conversations\\conv_deepseek_20260912_181301.json",
    "created_at": "2026-09-12T18:13:01.313230",
    "updated_at": "2026-09-12T18:13:01.313254"
   },
   {
    "id": "deepseek_20260912_181241_12029",
    "platform": "deepseek",
    "url": "https://chat.deepseek.com/a/chat/s/f2d401b8-c1cf-4049-bcc9-bd6b3f589d14",
    "title": "你好，请用一句话回复：测试成功",
    "file": "D:\\软件\\XianRenZhangAgent\\xrz_data\\XianRenZhang_tasks\\conversations\\conv_deepseek_20260912_181241.json",
    "created_at": "2026-09-12T18:12:41.316916",
    "updated_at": "2026-09-12T18:12:41.317274"
   },
   {
    "id": "deepseek_20260912_181219_57836",
    "platform": "deepseek",
    "url": "https://chat.deepseek.com/a/chat/s/f2d401b8-c1cf-4049-bcc9-bd6b3f589d14",
    "title": "你好，请用一句话回复：测试成功",
    "file": "D:\\软件\\XianRenZhangAgent\\xrz_data\\XianRenZhang_tasks\\conversations\\conv_deepseek_20260912_181219.json",
    "created_at": "2026-09-12T18:12:19.414068",
    "updated_at": "2026-09-12T18:12:19.414091"
   },
   {
    "id": "deepseek_20260912_181149_10822",
    "platform": "deepseek",
    "url": "https://chat.deepseek.com/a/chat/s/f2d401b8-c1cf-4049-bcc9-bd6b3f589d14",
    "title": "你好，请用一句话回复：测试成功",
    "file": "D:\\软件\\XianRenZhangAgent\\xrz_data\\XianRenZhang_tasks\\conversations\\conv_deepseek_20260912_181149.json",
    "created_at": "2026-09-12T18:11:49.443504",
    "updated_at": "2026-09-12T18:11:49.443998"
   },
   {
    "id": "deepseek_20260912_181105_45911",
    "platform": "deepseek",
    "url": "https://chat.deepseek.com/a/chat/s/f2d401b8-c1cf-4049-bcc9-bd6b3f589d14",
    "title": "你好，请用一句话回复：测试成功",
    "file": "D:\\软件\\XianRenZhangAgent\\xrz_data\\XianRenZhang_tasks\\conversations\\conv_deepseek_20260912_181105.json",
    "created_at": "2026-09-12T18:11:05.153660",
    "updated_at": "2026-09-12T18:11:05.153700"
   },
   {
    "id": "deepseek_20260912_181028_75760",
    "platform": "deepseek",
    "url": "https://chat.deepseek.com/a/chat/s/f2d401b8-c1cf-4049-bcc9-bd6b3f589d14",
    "title": "你好，请用一句话回复：测试成功",
    "file": "D:\\软件\\XianRenZhangAgent\\xrz_data\\XianRenZhang_tasks\\conversations\\conv_deepseek_20260912_181028.json",
    "created_at": "2026-09-12T18:10:28.587121",
    "updated_at": "2026-09-12T18:10:28.587199"
   },
   {
    "id": "deepseek_20260912_180936_80261",
    "platform": "deepseek",
    "url": "https://chat.deepseek.com/a/chat/s/f2d401b8-c1cf-4049-bcc9-bd6b3f589d14",
    "title": "你好，请用一句话回复：测试成功",
    "file": "D:\\软件\\XianRenZhangAgent\\xrz_data\\XianRenZhang_tasks\\conversations\\conv_deepseek_20260912_180936.json",
    "created_at": "2026-09-12T18:09:36.902019",
    "updated_at": "2026-09-12T18:09:36.902568"
   },
   {
    "id": "deepseek_20260912_180834_66379",
    "platform": "deepseek",
    "url": "https://chat.deepseek.com/a/chat/s/f2d401b8-c1cf-4049-bcc9-bd6b3f589d14",
    "title": "你好，请用一句话回复：测试成功",
    "file": "D:\\软件\\XianRenZhangAgent\\xrz_data\\XianRenZhang_tasks\\conversations\\conv_deepseek_20260912_180834.json",
    "created_at": "2026-09-12T18:08:34.126508",
    "updated_at": "2026-09-12T18:08:34.126530"
   },
   {
    "id": "deepseek_20260912_180742_82228",
    "platform": "deepseek",
    "url": "https://chat.deepseek.com/a/chat/s/f2d401b8-c1cf-4049-bcc9-bd6b3f589d14",
    "title": "你好，请用一句话回复：测试成功",
    "file": "D:\\软件\\XianRenZhangAgent\\xrz_data\\XianRenZhang_tasks\\conversations\\conv_deepseek_20260912_180742.json",
    "created_at": "2026-09-12T18:07:42.888970",
    "updated_at": "2026-09-12T18:07:42.889477"
   },
   {
    "id": "deepseek_20260912_180556_62978",
    "platform": "deepseek",
    "url": "https://chat.deepseek.com/a/chat/s/f2d401b8-c1cf-4049-bcc9-bd6b3f589d14",
    "title": "你好，请用一句话回复：测试成功",
    "file": "D:\\软件\\XianRenZhangAgent\\xrz_data\\XianRenZhang_tasks\\conversations\\conv_deepseek_20260912_180556.json",
    "created_at": "2026-09-12T18:05:56.155739",
    "updated_at": "2026-09-12T18:05:56.156198"
   },
   {
    "id": "deepseek_20260912_180406_30483",
    "platform": "deepseek",
    "url": "https://chat.deepseek.com/a/chat/s/f2d401b8-c1cf-4049-bcc9-bd6b3f589d14",
    "title": "你好，请用一句话回复：测试成功",
    "file": "D:\\软件\\XianRenZhangAgent\\xrz_data\\XianRenZhang_tasks\\conversations\\conv_deepseek_20260912_180406.json",
    "created_at": "2026-09-12T18:04:06.895287",
    "updated_at": "2026-09-12T18:04:06.895322"
   },
   {
    "id": "deepseek_20260912_180245_30865",
    "platform": "deepseek",
    "url": "https://chat.deepseek.com/a/chat/s/f2d401b8-c1cf-4049-bcc9-bd6b3f589d14",
    "title": "你好，请用一句话回复：测试成功",
    "file": "D:\\软件\\XianRenZhangAgent\\xrz_data\\XianRenZhang_tasks\\conversations\\conv_deepseek_20260912_180245.json",
    "created_at": "2026-09-12T18:02:45.090989",
    "updated_at": "2026-09-12T18:02:45.091055"
   },
   {
    "id": "deepseek_20260906_122135_83152",
    "platform": "deepseek",
    "url": "https://chat.deepseek.com/a/chat/s/3c94ac82-4c99-4985-9c5b-e9f6698c05f9",
    "title": "测试连接",
    "file": "D:\\软件\\XianRenZhangAgent\\xrz_data\\XianRenZhang_tasks\\conversations\\conv_deepseek_20260906_122134.json",
    "created_at": "2026-09-06T12:21:35.144980",
    "updated_at": "2026-09-06T12:21:35.144989"
   },
   {
    "id": "deepseek_20260906_121956_23790",
    "platform": "deepseek",
    "url": "https://chat.deepseek.com/a/chat/s/3c94ac82-4c99-4985-9c5b-e9f6698c05f9",
    "title": "测试连接",
    "file": "D:\\软件\\XianRenZhangAgent\\xrz_data\\XianRenZhang_tasks\\conversations\\conv_deepseek_20260906_121955.json",
    "created_at": "2026-09-06T12:19:56.028691",
    "updated_at": "2026-09-06T12:19:56.028703"
   },
   {
    "id": "deepseek_20260906_121818_92095",
    "platform": "deepseek",
    "url": "https://chat.deepseek.com/a/chat/s/3c94ac82-4c99-4985-9c5b-e9f6698c05f9",
    "title": "测试连接",
    "file": "D:\\软件\\XianRenZhangAgent\\xrz_data\\XianRenZhang_tasks\\conversations\\conv_deepseek_20260906_121818.json",
    "created_at": "2026-09-06T12:18:18.666491",
    "updated_at": "2026-09-06T12:18:18.666497"
   },
   {
    "id": "deepseek_20260906_121644_94358",
    "platform": "deepseek",
    "url": "https://chat.deepseek.com/a/chat/s/3c94ac82-4c99-4985-9c5b-e9f6698c05f9",
    "title": "测试连接",
    "file": "D:\\软件\\XianRenZhangAgent\\xrz_data\\XianRenZhang_tasks\\conversations\\conv_deepseek_20260906_121644.json",
    "created_at": "2026-09-06T12:16:44.498522",
    "updated_at": "2026-09-06T12:16:44.498532"
   },
   {
    "id": "deepseek_20260906_121515_26844",
    "platform": "deepseek",
    "url": "https://chat.deepseek.com/a/chat/s/3c94ac82-4c99-4985-9c5b-e9f6698c05f9",
    "title": "测试连接",
    "file": "D:\\软件\\XianRenZhangAgent\\xrz_data\\XianRenZhang_tasks\\conversations\\conv_deepseek_20260906_121515.json",
    "created_at": "2026-09-06T12:15:15.345746",
    "updated_at": "2026-09-06T12:15:15.345757"
   },
   {
    "id": "deepseek_20260906_121351_13181",
    "platform": "deepseek",
    "url": "https://chat.deepseek.com/a/chat/s/3c94ac82-4c99-4985-9c5b-e9f6698c05f9",
    "title": "测试连接",
    "file": "D:\\软件\\XianRenZhangAgent\\xrz_data\\XianRenZhang_tasks\\conversations\\conv_deepseek_20260906_121351.json",
    "created_at": "2026-09-06T12:13:51.353865",
    "updated_at": "2026-09-06T12:13:51.353873"
   },
   {
    "id": "deepseek_20260906_121230_09948",
    "platform": "deepseek",
    "url": "https://chat.deepseek.com/a/chat/s/3c94ac82-4c99-4985-9c5b-e9f6698c05f9",
    "title": "测试连接",
    "file": "D:\\软件\\XianRenZhangAgent\\xrz_data\\XianRenZhang_tasks\\conversations\\conv_deepseek_20260906_121230.json",
    "created_at": "2026-09-06T12:12:30.885754",
    "updated_at": "2026-09-06T12:12:30.885762"
   },
   {
    "id": "deepseek_20260906_121116_64636",
    "platform": "deepseek",
    "url": "https://chat.deepseek.com/a/chat/s/3c94ac82-4c99-4985-9c5b-e9f6698c05f9",
    "title": "测试连接",
    "file": "D:\\软件\\XianRenZhangAgent\\xrz_data\\XianRenZhang_tasks\\conversations\\conv_deepseek_20260906_121116.json",
    "created_at": "2026-09-06T12:11:16.991204",
    "updated_at": "2026-09-06T12:11:16.991212"
   },
   {
    "id": "deepseek_20260906_121002_57886",
    "platform": "deepseek",
    "url": "https://chat.deepseek.com/a/chat/s/3c94ac82-4c99-4985-9c5b-e9f6698c05f9",
    "title": "测试连接",
    "file": "D:\\软件\\XianRenZhangAgent\\xrz_data\\XianRenZhang_tasks\\conversations\\conv_deepseek_20260906_121002.json",
    "created_at": "2026-09-06T12:10:02.737280",
    "updated_at": "2026-09-06T12:10:02.737289"
   },
   {
    "id": "deepseek_20260906_120843_31643",
    "platform": "deepseek",
    "url": "https://chat.deepseek.com/a/chat/s/3c94ac82-4c99-4985-9c5b-e9f6698c05f9",
    "title": "测试连接",
    "file": "D:\\软件\\XianRenZhangAgent\\xrz_data\\XianRenZhang_tasks\\conversations\\conv_deepseek_20260906_120843.json",
    "created_at": "2026-09-06T12:08:43.745453",
    "updated_at": "2026-09-06T12:08:43.745458"
   },
   {
    "id": "deepseek_20260906_120841_07110",
    "platform": "deepseek",
    "url": "https://chat.deepseek.com/a/chat/s/3c94ac82-4c99-4985-9c5b-e9f6698c05f9",
    "title": "测试连接",
    "file": "D:\\软件\\XianRenZhangAgent\\xrz_data\\XianRenZhang_tasks\\conversations\\conv_deepseek_20260906_120841.json",
    "created_at": "2026-09-06T12:08:41.826781",
    "updated_at": "2026-09-06T12:08:41.826788"
   },
   {
    "id": "deepseek_20260906_120639_48028",
    "platform": "deepseek",
    "url": "https://chat.deepseek.com/a/chat/s/3c94ac82-4c99-4985-9c5b-e9f6698c05f9",
    "title": "测试连接",
    "file": "D:\\软件\\XianRenZhangAgent\\xrz_data\\XianRenZhang_tasks\\conversations\\conv_deepseek_20260906_120639.json",
    "created_at": "2026-09-06T12:06:39.656047",
    "updated_at": "2026-09-06T12:06:39.656060"
   },
   {
    "id": "deepseek_20260906_120637_81239",
    "platform": "deepseek",
    "url": "https://chat.deepseek.com/a/chat/s/3c94ac82-4c99-4985-9c5b-e9f6698c05f9",
    "title": "测试连接",
    "file": "D:\\软件\\XianRenZhangAgent\\xrz_data\\XianRenZhang_tasks\\conversations\\conv_deepseek_20260906_120637.json",
    "created_at": "2026-09-06T12:06:37.387919",
    "updated_at": "2026-09-06T12:06:37.387929"
   },
   {
    "id": "deepseek_20260906_120331_62739",
    "platform": "deepseek",
    "url": "https://chat.deepseek.com/a/chat/s/3c94ac82-4c99-4985-9c5b-e9f6698c05f9",
    "title": "测试连接",
    "file": "D:\\软件\\XianRenZhangAgent\\xrz_data\\XianRenZhang_tasks\\conversations\\conv_deepseek_20260906_120331.json",
    "created_at": "2026-09-06T12:03:31.459045",
    "updated_at": "2026-09-06T12:03:31.459051"
   },
   {
    "id": "deepseek_20260906_120329_65342",
    "platform": "deepseek",
    "url": "https://chat.deepseek.com/a/chat/s/3c94ac82-4c99-4985-9c5b-e9f6698c05f9",
    "title": "测试连接",
    "file": "D:\\软件\\XianRenZhangAgent\\xrz_data\\XianRenZhang_tasks\\conversations\\conv_deepseek_20260906_120329.json",
    "created_at": "2026-09-06T12:03:29.992648",
    "updated_at": "2026-09-06T12:03:29.992656"
   },
   {
    "id": "deepseek_20260906_115936_00116",
    "platform": "deepseek",
    "url": "https://chat.deepseek.com/a/chat/s/3c94ac82-4c99-4985-9c5b-e9f6698c05f9",
    "title": "测试连接",
    "file": "D:\\软件\\XianRenZhangAgent\\xrz_data\\XianRenZhang_tasks\\conversations\\conv_deepseek_20260906_115936.json",
    "created_at": "2026-09-06T11:59:36.842223",
    "updated_at": "2026-09-06T11:59:36.842233"
   },
   {
    "id": "deepseek_20260906_115935_18330",
    "platform": "deepseek",
    "url": "https://chat.deepseek.com/a/chat/s/3c94ac82-4c99-4985-9c5b-e9f6698c05f9",
    "title": "测试连接",
    "file": "D:\\软件\\XianRenZhangAgent\\xrz_data\\XianRenZhang_tasks\\conversations\\conv_deepseek_20260906_115935.json",
    "created_at": "2026-09-06T11:59:35.509804",
    "updated_at": "2026-09-06T11:59:35.509809"
   },
   {
    "id": "deepseek_20260906_115934_68307",
    "platform": "deepseek",
    "url": "https://chat.deepseek.com/a/chat/s/3c94ac82-4c99-4985-9c5b-e9f6698c05f9",
    "title": "测试连接",
    "file": "D:\\软件\\XianRenZhangAgent\\xrz_data\\XianRenZhang_tasks\\conversations\\conv_deepseek_20260906_115934.json",
    "created_at": "2026-09-06T11:59:34.586923",
    "updated_at": "2026-09-06T11:59:34.586928"
   },
   {
    "id": "deepseek_20260906_115933_30254",
    "platform": "deepseek",
    "url": "https://chat.deepseek.com/a/chat/s/3c94ac82-4c99-4985-9c5b-e9f6698c05f9",
    "title": "测试连接",
    "file": "D:\\软件\\XianRenZhangAgent\\xrz_data\\XianRenZhang_tasks\\conversations\\conv_deepseek_20260906_115933.json",
    "created_at": "2026-09-06T11:59:33.634204",
    "updated_at": "2026-09-06T11:59:33.634212"
   },
   {
    "id": "deepseek_20260906_115721_52780",
    "platform": "deepseek",
    "url": "https://chat.deepseek.com/a/chat/s/3c94ac82-4c99-4985-9c5b-e9f6698c05f9",
    "title": "测试连接",
    "file": "D:\\软件\\XianRenZhangAgent\\xrz_data\\XianRenZhang_tasks\\conversations\\conv_deepseek_20260906_115721.json",
    "created_at": "2026-09-06T11:57:21.687810",
    "updated_at": "2026-09-06T11:57:21.687817"
   },
   {
    "id": "deepseek_20260906_115720_28002",
    "platform": "deepseek",
    "url": "https://chat.deepseek.com/a/chat/s/3c94ac82-4c99-4985-9c5b-e9f6698c05f9",
    "title": "测试连接",
    "file": "D:\\软件\\XianRenZhangAgent\\xrz_data\\XianRenZhang_tasks\\conversations\\conv_deepseek_20260906_115720.json",
    "created_at": "2026-09-06T11:57:20.282319",
    "updated_at": "2026-09-06T11:57:21.018028"
   },
   {
    "id": "deepseek_20260906_115541_01527",
    "platform": "deepseek",
    "url": "https://chat.deepseek.com/a/chat/s/3c94ac82-4c99-4985-9c5b-e9f6698c05f9",
    "title": "测试连接",
    "file": "D:\\软件\\XianRenZhangAgent\\xrz_data\\XianRenZhang_tasks\\conversations\\conv_deepseek_20260906_115541.json",
    "created_at": "2026-09-06T11:55:41.083400",
    "updated_at": "2026-09-06T11:55:41.083405"
   },
   {
    "id": "deepseek_20260906_115540_63009",
    "platform": "deepseek",
    "url": "https://chat.deepseek.com/a/chat/s/3c94ac82-4c99-4985-9c5b-e9f6698c05f9",
    "title": "测试连接",
    "file": "D:\\软件\\XianRenZhangAgent\\xrz_data\\XianRenZhang_tasks\\conversations\\conv_deepseek_20260906_115540.json",
    "created_at": "2026-09-06T11:55:40.499294",
    "updated_at": "2026-09-06T11:55:40.499299"
   },
   {
    "id": "deepseek_20260906_115539_96021",
    "platform": "deepseek",
    "url": "https://chat.deepseek.com/a/chat/s/3c94ac82-4c99-4985-9c5b-e9f6698c05f9",
    "title": "测试连接",
    "file": "D:\\软件\\XianRenZhangAgent\\xrz_data\\XianRenZhang_tasks\\conversations\\conv_deepseek_20260906_115539.json",
    "created_at": "2026-09-06T11:55:39.901201",
    "updated_at": "2026-09-06T11:55:39.901206"
   },
   {
    "id": "deepseek_20260906_115418_39874",
    "platform": "deepseek",
    "url": "https://chat.deepseek.com/a/chat/s/3c94ac82-4c99-4985-9c5b-e9f6698c05f9",
    "title": "测试连接",
    "file": "D:\\软件\\XianRenZhangAgent\\xrz_data\\XianRenZhang_tasks\\conversations\\conv_deepseek_20260906_115418.json",
    "created_at": "2026-09-06T11:54:18.194921",
    "updated_at": "2026-09-06T11:54:19.010061"
   },
   {
    "id": "deepseek_20260906_115417_62386",
    "platform": "deepseek",
    "url": "https://chat.deepseek.com/a/chat/s/3c94ac82-4c99-4985-9c5b-e9f6698c05f9",
    "title": "测试连接",
    "file": "D:\\软件\\XianRenZhangAgent\\xrz_data\\XianRenZhang_tasks\\conversations\\conv_deepseek_20260906_115417.json",
    "created_at": "2026-09-06T11:54:17.797343",
    "updated_at": "2026-09-06T11:54:17.797348"
   },
   {
    "id": "deepseek_20260906_115353_85765",
    "platform": "deepseek",
    "url": "https://chat.deepseek.com/a/chat/s/3c94ac82-4c99-4985-9c5b-e9f6698c05f9",
    "title": "测试连接",
    "file": "D:\\软件\\XianRenZhangAgent\\xrz_data\\XianRenZhang_tasks\\conversations\\conv_deepseek_20260906_115353.json",
    "created_at": "2026-09-06T11:53:53.935690",
    "updated_at": "2026-09-06T11:53:53.935696"
   },
   {
    "id": "deepseek_20260906_115342_57895",
    "platform": "deepseek",
    "url": "https://chat.deepseek.com/a/chat/s/3c94ac82-4c99-4985-9c5b-e9f6698c05f9",
    "title": "测试连接",
    "file": "D:\\软件\\XianRenZhangAgent\\xrz_data\\XianRenZhang_tasks\\conversations\\conv_deepseek_20260906_115342.json",
    "created_at": "2026-09-06T11:53:42.477290",
    "updated_at": "2026-09-06T11:53:42.477296"
   },
   {
    "id": "deepseek_20260906_115328_43422",
    "platform": "deepseek",
    "url": "https://chat.deepseek.com/a/chat/s/3c94ac82-4c99-4985-9c5b-e9f6698c05f9",
    "title": "测试连接",
    "file": "D:\\软件\\XianRenZhangAgent\\xrz_data\\XianRenZhang_tasks\\conversations\\conv_deepseek_20260906_115328.json",
    "created_at": "2026-09-06T11:53:28.478004",
    "updated_at": "2026-09-06T11:53:28.478010"
   },
   {
    "id": "deepseek_20260906_115315_89059",
    "platform": "deepseek",
    "url": "https://chat.deepseek.com/a/chat/s/3c94ac82-4c99-4985-9c5b-e9f6698c05f9",
    "title": "测试连接",
    "file": "D:\\软件\\XianRenZhangAgent\\xrz_data\\XianRenZhang_tasks\\conversations\\conv_deepseek_20260906_115315.json",
    "created_at": "2026-09-06T11:53:15.910261",
    "updated_at": "2026-09-06T11:53:15.910268"
   },
   {
    "id": "deepseek_20260906_115254_03309",
    "platform": "deepseek",
    "url": "https://chat.deepseek.com/a/chat/s/3c94ac82-4c99-4985-9c5b-e9f6698c05f9",
    "title": "测试连接",
    "file": "D:\\软件\\XianRenZhangAgent\\xrz_data\\XianRenZhang_tasks\\conversations\\conv_deepseek_20260906_115254.json",
    "created_at": "2026-09-06T11:52:54.551365",
    "updated_at": "2026-09-06T11:52:54.551374"
   },
   {
    "id": "deepseek_20260906_115244_99786",
    "platform": "deepseek",
    "url": "https://chat.deepseek.com/a/chat/s/3c94ac82-4c99-4985-9c5b-e9f6698c05f9",
    "title": "测试连接",
    "file": "D:\\软件\\XianRenZhangAgent\\xrz_data\\XianRenZhang_tasks\\conversations\\conv_deepseek_20260906_115244.json",
    "created_at": "2026-09-06T11:52:44.286678",
    "updated_at": "2026-09-06T11:52:44.286684"
   },
   {
    "id": "deepseek_20260906_115233_82717",
    "platform": "deepseek",
    "url": "https://chat.deepseek.com/a/chat/s/3c94ac82-4c99-4985-9c5b-e9f6698c05f9",
    "title": "测试连接",
    "file": "D:\\软件\\XianRenZhangAgent\\xrz_data\\XianRenZhang_tasks\\conversations\\conv_deepseek_20260906_115233.json",
    "created_at": "2026-09-06T11:52:33.562175",
    "updated_at": "2026-09-06T11:52:33.562182"
   },
   {
    "id": "deepseek_20260906_115220_53347",
    "platform": "deepseek",
    "url": "https://chat.deepseek.com/a/chat/s/3c94ac82-4c99-4985-9c5b-e9f6698c05f9",
    "title": "测试连接",
    "file": "D:\\软件\\XianRenZhangAgent\\xrz_data\\XianRenZhang_tasks\\conversations\\conv_deepseek_20260906_115220.json",
    "created_at": "2026-09-06T11:52:20.109924",
    "updated_at": "2026-09-06T11:52:20.109929"
   },
   {
    "id": "deepseek_20260906_115205_26772",
    "platform": "deepseek",
    "url": "https://chat.deepseek.com/a/chat/s/3c94ac82-4c99-4985-9c5b-e9f6698c05f9",
    "title": "测试连接",
    "file": "D:\\软件\\XianRenZhangAgent\\xrz_data\\XianRenZhang_tasks\\conversations\\conv_deepseek_20260906_115205.json",
    "created_at": "2026-09-06T11:52:05.026824",
    "updated_at": "2026-09-06T11:52:05.026832"
   },
   {
    "id": "deepseek_20260906_115153_16879",
    "platform": "deepseek",
    "url": "https://chat.deepseek.com/a/chat/s/3c94ac82-4c99-4985-9c5b-e9f6698c05f9",
    "title": "测试连接",
    "file": "D:\\软件\\XianRenZhangAgent\\xrz_data\\XianRenZhang_tasks\\conversations\\conv_deepseek_20260906_115153.json",
    "created_at": "2026-09-06T11:51:53.739258",
    "updated_at": "2026-09-06T11:51:53.739264"
   },
   {
    "id": "deepseek_20260906_115144_06779",
    "platform": "deepseek",
    "url": "https://chat.deepseek.com/a/chat/s/3c94ac82-4c99-4985-9c5b-e9f6698c05f9",
    "title": "测试连接",
    "file": "D:\\软件\\XianRenZhangAgent\\xrz_data\\XianRenZhang_tasks\\conversations\\conv_deepseek_20260906_115144.json",
    "created_at": "2026-09-06T11:51:44.421259",
    "updated_at": "2026-09-06T11:51:44.421265"
   },
   {
    "id": "deepseek_20260906_115135_64407",
    "platform": "deepseek",
    "url": "https://chat.deepseek.com/a/chat/s/3c94ac82-4c99-4985-9c5b-e9f6698c05f9",
    "title": "测试连接",
    "file": "D:\\软件\\XianRenZhangAgent\\xrz_data\\XianRenZhang_tasks\\conversations\\conv_deepseek_20260906_115135.json",
    "created_at": "2026-09-06T11:51:35.248461",
    "updated_at": "2026-09-06T11:51:35.248470"
   },
   {
    "id": "deepseek_20260906_115118_48697",
    "platform": "deepseek",
    "url": "https://chat.deepseek.com/a/chat/s/3c94ac82-4c99-4985-9c5b-e9f6698c05f9",
    "title": "测试连接",
    "file": "D:\\软件\\XianRenZhangAgent\\xrz_data\\XianRenZhang_tasks\\conversations\\conv_deepseek_20260906_115118.json",
    "created_at": "2026-09-06T11:51:18.558867",
    "updated_at": "2026-09-06T11:51:18.558872"
   },
   {
    "id": "deepseek_20260906_115103_68910",
    "platform": "deepseek",
    "url": "https://chat.deepseek.com/a/chat/s/3c94ac82-4c99-4985-9c5b-e9f6698c05f9",
    "title": "测试连接",
    "file": "D:\\软件\\XianRenZhangAgent\\xrz_data\\XianRenZhang_tasks\\conversations\\conv_deepseek_20260906_115103.json",
    "created_at": "2026-09-06T11:51:03.901913",
    "updated_at": "2026-09-06T11:51:03.901919"
   },
   {
    "id": "deepseek_20260906_115055_55536",
    "platform": "deepseek",
    "url": "https://chat.deepseek.com/a/chat/s/3c94ac82-4c99-4985-9c5b-e9f6698c05f9",
    "title": "测试连接",
    "file": "D:\\软件\\XianRenZhangAgent\\xrz_data\\XianRenZhang_tasks\\conversations\\conv_deepseek_20260906_115055.json",
    "created_at": "2026-09-06T11:50:55.733673",
    "updated_at": "2026-09-06T11:50:55.733678"
   },
   {
    "id": "deepseek_20260906_115047_98198",
    "platform": "deepseek",
    "url": "https://chat.deepseek.com/a/chat/s/3c94ac82-4c99-4985-9c5b-e9f6698c05f9",
    "title": "测试连接",
    "file": "D:\\软件\\XianRenZhangAgent\\xrz_data\\XianRenZhang_tasks\\conversations\\conv_deepseek_20260906_115047.json",
    "created_at": "2026-09-06T11:50:47.073153",
    "updated_at": "2026-09-06T11:50:47.073161"
   },
   {
    "id": "deepseek_20260906_115029_85987",
    "platform": "deepseek",
    "url": "https://chat.deepseek.com/a/chat/s/3c94ac82-4c99-4985-9c5b-e9f6698c05f9",
    "title": "测试连接",
    "file": "D:\\软件\\XianRenZhangAgent\\xrz_data\\XianRenZhang_tasks\\conversations\\conv_deepseek_20260906_115029.json",
    "created_at": "2026-09-06T11:50:29.984663",
    "updated_at": "2026-09-06T11:50:29.984670"
   },
   {
    "id": "deepseek_20260906_115021_98127",
    "platform": "deepseek",
    "url": "https://chat.deepseek.com/a/chat/s/3c94ac82-4c99-4985-9c5b-e9f6698c05f9",
    "title": "测试连接",
    "file": "D:\\软件\\XianRenZhangAgent\\xrz_data\\XianRenZhang_tasks\\conversations\\conv_deepseek_20260906_115021.json",
    "created_at": "2026-09-06T11:50:21.287088",
    "updated_at": "2026-09-06T11:50:21.287094"
   },
   {
    "id": "deepseek_20260906_115011_31743",
    "platform": "deepseek",
    "url": "https://chat.deepseek.com/a/chat/s/3c94ac82-4c99-4985-9c5b-e9f6698c05f9",
    "title": "测试连接",
    "file": "D:\\软件\\XianRenZhangAgent\\xrz_data\\XianRenZhang_tasks\\conversations\\conv_deepseek_20260906_115011.json",
    "created_at": "2026-09-06T11:50:11.469120",
    "updated_at": "2026-09-06T11:50:11.987898"
   },
   {
    "id": "deepseek_20260906_115010_68841",
    "platform": "deepseek",
    "url": "https://chat.deepseek.com/a/chat/s/3c94ac82-4c99-4985-9c5b-e9f6698c05f9",
    "title": "测试连接",
    "file": "D:\\软件\\XianRenZhangAgent\\xrz_data\\XianRenZhang_tasks\\conversations\\conv_deepseek_20260906_115010.json",
    "created_at": "2026-09-06T11:50:10.786131",
    "updated_at": "2026-09-06T11:50:10.786138"
   },
   {
    "id": "deepseek_20260906_114954_13864",
    "platform": "deepseek",
    "url": "https://chat.deepseek.com/a/chat/s/3c94ac82-4c99-4985-9c5b-e9f6698c05f9",
    "title": "测试连接",
    "file": "D:\\软件\\XianRenZhangAgent\\xrz_data\\XianRenZhang_tasks\\conversations\\conv_deepseek_20260906_114954.json",
    "created_at": "2026-09-06T11:49:54.195103",
    "updated_at": "2026-09-06T11:49:54.195117"
   },
   {
    "id": "deepseek_20260906_114940_49882",
    "platform": "deepseek",
    "url": "https://chat.deepseek.com/a/chat/s/3c94ac82-4c99-4985-9c5b-e9f6698c05f9",
    "title": "测试连接",
    "file": "D:\\软件\\XianRenZhangAgent\\xrz_data\\XianRenZhang_tasks\\conversations\\conv_deepseek_20260906_114940.json",
    "created_at": "2026-09-06T11:49:40.537116",
    "updated_at": "2026-09-06T11:49:40.537125"
   },
   {
    "id": "deepseek_20260906_114923_80080",
    "platform": "deepseek",
    "url": "https://chat.deepseek.com/a/chat/s/3c94ac82-4c99-4985-9c5b-e9f6698c05f9",
    "title": "测试连接",
    "file": "D:\\软件\\XianRenZhangAgent\\xrz_data\\XianRenZhang_tasks\\conversations\\conv_deepseek_20260906_114923.json",
    "created_at": "2026-09-06T11:49:23.680075",
    "updated_at": "2026-09-06T11:49:23.680083"
   },
   {
    "id": "deepseek_20260906_114848_90294",
    "platform": "deepseek",
    "url": "https://chat.deepseek.com/a/chat/s/3c94ac82-4c99-4985-9c5b-e9f6698c05f9",
    "title": "测试连接",
    "file": "D:\\软件\\XianRenZhangAgent\\xrz_data\\XianRenZhang_tasks\\conversations\\conv_deepseek_20260906_114848.json",
    "created_at": "2026-09-06T11:48:48.609512",
    "updated_at": "2026-09-06T11:48:48.609518"
   },
   {
    "id": "deepseek_20260906_114831_66047",
    "platform": "deepseek",
    "url": "https://chat.deepseek.com/a/chat/s/3c94ac82-4c99-4985-9c5b-e9f6698c05f9",
    "title": "测试连接",
    "file": "D:\\软件\\XianRenZhangAgent\\xrz_data\\XianRenZhang_tasks\\conversations\\conv_deepseek_20260906_114831.json",
    "created_at": "2026-09-06T11:48:31.820165",
    "updated_at": "2026-09-06T11:48:31.820186"
   },
   {
    "id": "deepseek_20260906_112423_52740",
    "platform": "deepseek",
    "url": "https://chat.deepseek.com/a/chat/s/63937890-3c9d-4bcb-b124-fc3b91bb5636",
    "title": "测试连接",
    "file": "D:\\软件\\XianRenZhangAgent\\xrz_data\\XianRenZhang_tasks\\conversations\\conv_deepseek_20260906_112423.json",
    "created_at": "2026-09-06T11:24:23.602780",
    "updated_at": "2026-09-06T11:24:23.602788"
   },
   {
    "id": "deepseek_20260906_112336_26057",
    "platform": "deepseek",
    "url": "https://chat.deepseek.com/a/chat/s/63937890-3c9d-4bcb-b124-fc3b91bb5636",
    "title": "测试连接",
    "file": "D:\\软件\\XianRenZhangAgent\\xrz_data\\XianRenZhang_tasks\\conversations\\conv_deepseek_20260906_112336.json",
    "created_at": "2026-09-06T11:23:36.328811",
    "updated_at": "2026-09-06T11:23:36.328827"
   },
   {
    "id": "deepseek_20260906_111707_34906",
    "platform": "deepseek",
    "url": "https://chat.deepseek.com/a/chat/s/63937890-3c9d-4bcb-b124-fc3b91bb5636",
    "title": "测试连接",
    "file": "D:\\软件\\XianRenZhangAgent\\xrz_data\\XianRenZhang_tasks\\conversations\\conv_deepseek_20260906_111706.json",
    "created_at": "2026-09-06T11:17:07.019083",
    "updated_at": "2026-09-06T11:17:07.019106"
   },
   {
    "id": "deepseek_20260906_111703_66113",
    "platform": "deepseek",
    "url": "https://chat.deepseek.com/a/chat/s/63937890-3c9d-4bcb-b124-fc3b91bb5636",
    "title": "测试连接",
    "file": "D:\\软件\\XianRenZhangAgent\\xrz_data\\XianRenZhang_tasks\\conversations\\conv_deepseek_20260906_111703.json",
    "created_at": "2026-09-06T11:17:03.099068",
    "updated_at": "2026-09-06T11:17:03.099096"
   },
   {
    "id": "deepseek_20260906_111256_60823",
    "platform": "deepseek",
    "url": "https://chat.deepseek.com/a/chat/s/f2d401b8-c1cf-4049-bcc9-bd6b3f589d14",
    "title": "测试连接",
    "file": "D:\\软件\\XianRenZhangAgent\\xrz_data\\XianRenZhang_tasks\\conversations\\conv_deepseek_20260906_111256.json",
    "created_at": "2026-09-06T11:12:56.912206",
    "updated_at": "2026-09-06T11:12:56.912217"
   },
   {
    "id": "deepseek_20260906_111208_95446",
    "platform": "deepseek",
    "url": "https://chat.deepseek.com/a/chat/s/f2d401b8-c1cf-4049-bcc9-bd6b3f589d14",
    "title": "测试连接",
    "file": "D:\\软件\\XianRenZhangAgent\\xrz_data\\XianRenZhang_tasks\\conversations\\conv_deepseek_20260906_111208.json",
    "created_at": "2026-09-06T11:12:08.339556",
    "updated_at": "2026-09-06T11:12:08.339565"
   },
   {
    "id": "deepseek_20260906_111126_08511",
    "platform": "deepseek",
    "url": "https://chat.deepseek.com/a/chat/s/f2d401b8-c1cf-4049-bcc9-bd6b3f589d14",
    "title": "测试连接",
    "file": "D:\\软件\\XianRenZhangAgent\\xrz_data\\XianRenZhang_tasks\\conversations\\conv_deepseek_20260906_111126.json",
    "created_at": "2026-09-06T11:11:26.826520",
    "updated_at": "2026-09-06T11:11:26.826525"
   },
   {
    "id": "deepseek_20260906_111037_12475",
    "platform": "deepseek",
    "url": "https://chat.deepseek.com/a/chat/s/f2d401b8-c1cf-4049-bcc9-bd6b3f589d14",
    "title": "测试连接",
    "file": "D:\\软件\\XianRenZhangAgent\\xrz_data\\XianRenZhang_tasks\\conversations\\conv_deepseek_20260906_111037.json",
    "created_at": "2026-09-06T11:10:37.903304",
    "updated_at": "2026-09-06T11:10:37.903309"
   },
   {
    "id": "deepseek_20260906_110950_90436",
    "platform": "deepseek",
    "url": "https://chat.deepseek.com/a/chat/s/f2d401b8-c1cf-4049-bcc9-bd6b3f589d14",
    "title": "测试连接",
    "file": "D:\\软件\\XianRenZhangAgent\\xrz_data\\XianRenZhang_tasks\\conversations\\conv_deepseek_20260906_110950.json",
    "created_at": "2026-09-06T11:09:50.382440",
    "updated_at": "2026-09-06T11:09:50.382447"
   },
   {
    "id": "deepseek_20260906_110904_83152",
    "platform": "deepseek",
    "url": "https://chat.deepseek.com/a/chat/s/f2d401b8-c1cf-4049-bcc9-bd6b3f589d14",
    "title": "测试连接",
    "file": "D:\\软件\\XianRenZhangAgent\\xrz_data\\XianRenZhang_tasks\\conversations\\conv_deepseek_20260906_110904.json",
    "created_at": "2026-09-06T11:09:04.849255",
    "updated_at": "2026-09-06T11:09:04.849261"
   },
   {
    "id": "deepseek_20260906_110745_94700",
    "platform": "deepseek",
    "url": "https://chat.deepseek.com/a/chat/s/f2d401b8-c1cf-4049-bcc9-bd6b3f589d14",
    "title": "测试连接",
    "file": "D:\\软件\\XianRenZhangAgent\\xrz_data\\XianRenZhang_tasks\\conversations\\conv_deepseek_20260906_110745.json",
    "created_at": "2026-09-06T11:07:45.288403",
    "updated_at": "2026-09-06T11:07:45.288417"
   },
   {
    "id": "deepseek_20260906_110701_63596",
    "platform": "deepseek",
    "url": "https://chat.deepseek.com/a/chat/s/f2d401b8-c1cf-4049-bcc9-bd6b3f589d14",
    "title": "测试连接",
    "file": "D:\\软件\\XianRenZhangAgent\\xrz_data\\XianRenZhang_tasks\\conversations\\conv_deepseek_20260906_110701.json",
    "created_at": "2026-09-06T11:07:01.948188",
    "updated_at": "2026-09-06T11:07:01.948204"
   },
   {
    "id": "deepseek_20260906_110615_62849",
    "platform": "deepseek",
    "url": "https://chat.deepseek.com/a/chat/s/f2d401b8-c1cf-4049-bcc9-bd6b3f589d14",
    "title": "测试连接",
    "file": "D:\\软件\\XianRenZhangAgent\\xrz_data\\XianRenZhang_tasks\\conversations\\conv_deepseek_20260906_110615.json",
    "created_at": "2026-09-06T11:06:15.314306",
    "updated_at": "2026-09-06T11:06:15.314314"
   },
   {
    "id": "deepseek_20260906_110537_76438",
    "platform": "deepseek",
    "url": "https://chat.deepseek.com/a/chat/s/f2d401b8-c1cf-4049-bcc9-bd6b3f589d14",
    "title": "测试连接",
    "file": "D:\\软件\\XianRenZhangAgent\\xrz_data\\XianRenZhang_tasks\\conversations\\conv_deepseek_20260906_110537.json",
    "created_at": "2026-09-06T11:05:37.156862",
    "updated_at": "2026-09-06T11:05:37.156871"
   },
   {
    "id": "deepseek_20260906_110456_49681",
    "platform": "deepseek",
    "url": "https://chat.deepseek.com/a/chat/s/f2d401b8-c1cf-4049-bcc9-bd6b3f589d14",
    "title": "测试连接",
    "file": "D:\\软件\\XianRenZhangAgent\\xrz_data\\XianRenZhang_tasks\\conversations\\conv_deepseek_20260906_110456.json",
    "created_at": "2026-09-06T11:04:56.570897",
    "updated_at": "2026-09-06T11:04:56.570904"
   },
   {
    "id": "deepseek_20260906_110416_13065",
    "platform": "deepseek",
    "url": "https://chat.deepseek.com/a/chat/s/f2d401b8-c1cf-4049-bcc9-bd6b3f589d14",
    "title": "测试连接",
    "file": "D:\\软件\\XianRenZhangAgent\\xrz_data\\XianRenZhang_tasks\\conversations\\conv_deepseek_20260906_110416.json",
    "created_at": "2026-09-06T11:04:16.570244",
    "updated_at": "2026-09-06T11:04:16.570256"
   },
   {
    "id": "deepseek_20260906_110329_77041",
    "platform": "deepseek",
    "url": "https://chat.deepseek.com/a/chat/s/f2d401b8-c1cf-4049-bcc9-bd6b3f589d14",
    "title": "测试连接",
    "file": "D:\\软件\\XianRenZhangAgent\\xrz_data\\XianRenZhang_tasks\\conversations\\conv_deepseek_20260906_110329.json",
    "created_at": "2026-09-06T11:03:29.417902",
    "updated_at": "2026-09-06T11:03:29.417909"
   },
   {
    "id": "deepseek_20260906_110242_02433",
    "platform": "deepseek",
    "url": "https://chat.deepseek.com/a/chat/s/f2d401b8-c1cf-4049-bcc9-bd6b3f589d14",
    "title": "测试连接",
    "file": "D:\\软件\\XianRenZhangAgent\\xrz_data\\XianRenZhang_tasks\\conversations\\conv_deepseek_20260906_110242.json",
    "created_at": "2026-09-06T11:02:42.884605",
    "updated_at": "2026-09-06T11:02:42.884616"
   },
   {
    "id": "deepseek_20260906_110143_95318",
    "platform": "deepseek",
    "url": "https://chat.deepseek.com/a/chat/s/f2d401b8-c1cf-4049-bcc9-bd6b3f589d14",
    "title": "测试连接",
    "file": "D:\\软件\\XianRenZhangAgent\\xrz_data\\XianRenZhang_tasks\\conversations\\conv_deepseek_20260906_110143.json",
    "created_at": "2026-09-06T11:01:43.043284",
    "updated_at": "2026-09-06T11:01:43.043298"
   },
   {
    "id": "deepseek_20260906_101511_05927",
    "platform": "deepseek",
    "url": "https://chat.deepseek.com/a/chat/s/b96c3b70-3339-47d2-92de-6a3e7529d9bd",
    "title": "请阅读我上传的文件并用一句话概括它的内容。\n\n[附件说明] 本任务附带了以下文件，它们已同步上传到平台网页，同时在本地磁盘保留有原件，请直接用 file_read 读取以下绝对路径，不要猜测其它路径：\n- D:\\软件\\XianRenZhangAgent\\xrz_data\\gui_attachments\\f199dc5ff8484ebdb92be0e4fdb9a8d8.txt",
    "file": "D:\\软件\\XianRenZhangAgent\\xrz_data\\XianRenZhang_tasks\\conversations\\conv_deepseek_20260906_101511.json",
    "created_at": "2026-09-06T10:15:11.347546",
    "updated_at": "2026-09-06T10:15:11.347567"
   },
   {
    "id": "deepseek_20260906_101329_25484",
    "platform": "deepseek",
    "url": "https://chat.deepseek.com/a/chat/s/b96c3b70-3339-47d2-92de-6a3e7529d9bd",
    "title": "请阅读我上传的文件并用一句话概括它的内容。\n\n[附件说明] 本任务附带了以下文件，它们已同步上传到平台网页，同时在本地磁盘保留有原件，请直接用 file_read 读取以下绝对路径，不要猜测其它路径：\n- D:\\软件\\XianRenZhangAgent\\xrz_data\\gui_attachments\\f199dc5ff8484ebdb92be0e4fdb9a8d8.txt",
    "file": "D:\\软件\\XianRenZhangAgent\\xrz_data\\XianRenZhang_tasks\\conversations\\conv_deepseek_20260906_101329.json",
    "created_at": "2026-09-06T10:13:29.566036",
    "updated_at": "2026-09-06T10:13:29.566050"
   },
   {
    "id": "deepseek_20260906_101314_61992",
    "platform": "deepseek",
    "url": "https://chat.deepseek.com/a/chat/s/b96c3b70-3339-47d2-92de-6a3e7529d9bd",
    "title": "请阅读我上传的文件并用一句话概括它的内容。\n\n[附件说明] 本任务附带了以下文件，它们已同步上传到平台网页，同时在本地磁盘保留有原件，请直接用 file_read 读取以下绝对路径，不要猜测其它路径：\n- D:\\软件\\XianRenZhangAgent\\xrz_data\\gui_attachments\\f199dc5ff8484ebdb92be0e4fdb9a8d8.txt",
    "file": "D:\\软件\\XianRenZhangAgent\\xrz_data\\XianRenZhang_tasks\\conversations\\conv_deepseek_20260906_101314.json",
    "created_at": "2026-09-06T10:13:14.447413",
    "updated_at": "2026-09-06T10:13:14.447426"
   },
   {
    "id": "deepseek_20260906_101302_51663",
    "platform": "deepseek",
    "url": "https://chat.deepseek.com/a/chat/s/b96c3b70-3339-47d2-92de-6a3e7529d9bd",
    "title": "请阅读我上传的文件并用一句话概括它的内容。\n\n[附件说明] 本任务附带了以下文件，它们已同步上传到平台网页，同时在本地磁盘保留有原件，请直接用 file_read 读取以下绝对路径，不要猜测其它路径：\n- D:\\软件\\XianRenZhangAgent\\xrz_data\\gui_attachments\\f199dc5ff8484ebdb92be0e4fdb9a8d8.txt",
    "file": "D:\\软件\\XianRenZhangAgent\\xrz_data\\XianRenZhang_tasks\\conversations\\conv_deepseek_20260906_101302.json",
    "created_at": "2026-09-06T10:13:02.280543",
    "updated_at": "2026-09-06T10:13:02.280554"
   },
   {
    "id": "deepseek_20260906_101249_72672",
    "platform": "deepseek",
    "url": "https://chat.deepseek.com/a/chat/s/b96c3b70-3339-47d2-92de-6a3e7529d9bd",
    "title": "请阅读我上传的文件并用一句话概括它的内容。\n\n[附件说明] 本任务附带了以下文件，它们已同步上传到平台网页，同时在本地磁盘保留有原件，请直接用 file_read 读取以下绝对路径，不要猜测其它路径：\n- D:\\软件\\XianRenZhangAgent\\xrz_data\\gui_attachments\\f199dc5ff8484ebdb92be0e4fdb9a8d8.txt",
    "file": "D:\\软件\\XianRenZhangAgent\\xrz_data\\XianRenZhang_tasks\\conversations\\conv_deepseek_20260906_101249.json",
    "created_at": "2026-09-06T10:12:49.398813",
    "updated_at": "2026-09-06T10:12:49.398823"
   },
   {
    "id": "deepseek_20260906_101233_34334",
    "platform": "deepseek",
    "url": "https://chat.deepseek.com/a/chat/s/b96c3b70-3339-47d2-92de-6a3e7529d9bd",
    "title": "请阅读我上传的文件并用一句话概括它的内容。\n\n[附件说明] 本任务附带了以下文件，它们已同步上传到平台网页，同时在本地磁盘保留有原件，请直接用 file_read 读取以下绝对路径，不要猜测其它路径：\n- D:\\软件\\XianRenZhangAgent\\xrz_data\\gui_attachments\\f199dc5ff8484ebdb92be0e4fdb9a8d8.txt",
    "file": "D:\\软件\\XianRenZhangAgent\\xrz_data\\XianRenZhang_tasks\\conversations\\conv_deepseek_20260906_101233.json",
    "created_at": "2026-09-06T10:12:33.114117",
    "updated_at": "2026-09-06T10:12:33.114125"
   },
   {
    "id": "deepseek_20260906_101219_40696",
    "platform": "deepseek",
    "url": "https://chat.deepseek.com/a/chat/s/b96c3b70-3339-47d2-92de-6a3e7529d9bd",
    "title": "请阅读我上传的文件并用一句话概括它的内容。\n\n[附件说明] 本任务附带了以下文件，它们已同步上传到平台网页，同时在本地磁盘保留有原件，请直接用 file_read 读取以下绝对路径，不要猜测其它路径：\n- D:\\软件\\XianRenZhangAgent\\xrz_data\\gui_attachments\\f199dc5ff8484ebdb92be0e4fdb9a8d8.txt",
    "file": "D:\\软件\\XianRenZhangAgent\\xrz_data\\XianRenZhang_tasks\\conversations\\conv_deepseek_20260906_101219.json",
    "created_at": "2026-09-06T10:12:19.300810",
    "updated_at": "2026-09-06T10:12:19.300831"
   },
   {
    "id": "deepseek_20260906_101204_65701",
    "platform": "deepseek",
    "url": "https://chat.deepseek.com/a/chat/s/b96c3b70-3339-47d2-92de-6a3e7529d9bd",
    "title": "请阅读我上传的文件并用一句话概括它的内容。\n\n[附件说明] 本任务附带了以下文件，它们已同步上传到平台网页，同时在本地磁盘保留有原件，请直接用 file_read 读取以下绝对路径，不要猜测其它路径：\n- D:\\软件\\XianRenZhangAgent\\xrz_data\\gui_attachments\\f199dc5ff8484ebdb92be0e4fdb9a8d8.txt",
    "file": "D:\\软件\\XianRenZhangAgent\\xrz_data\\XianRenZhang_tasks\\conversations\\conv_deepseek_20260906_101204.json",
    "created_at": "2026-09-06T10:12:04.269474",
    "updated_at": "2026-09-06T10:12:04.269491"
   },
   {
    "id": "deepseek_20260906_101148_94284",
    "platform": "deepseek",
    "url": "https://chat.deepseek.com/a/chat/s/b96c3b70-3339-47d2-92de-6a3e7529d9bd",
    "title": "请阅读我上传的文件并用一句话概括它的内容。\n\n[附件说明] 本任务附带了以下文件，它们已同步上传到平台网页，同时在本地磁盘保留有原件，请直接用 file_read 读取以下绝对路径，不要猜测其它路径：\n- D:\\软件\\XianRenZhangAgent\\xrz_data\\gui_attachments\\f199dc5ff8484ebdb92be0e4fdb9a8d8.txt",
    "file": "D:\\软件\\XianRenZhangAgent\\xrz_data\\XianRenZhang_tasks\\conversations\\conv_deepseek_20260906_101148.json",
    "created_at": "2026-09-06T10:11:48.199731",
    "updated_at": "2026-09-06T10:11:48.199747"
   },
   {
    "id": "deepseek_20260906_101128_43260",
    "platform": "deepseek",
    "url": "https://chat.deepseek.com/a/chat/s/b96c3b70-3339-47d2-92de-6a3e7529d9bd",
    "title": "请阅读我上传的文件并用一句话概括它的内容。\n\n[附件说明] 本任务附带了以下文件，它们已同步上传到平台网页，同时在本地磁盘保留有原件，请直接用 file_read 读取以下绝对路径，不要猜测其它路径：\n- D:\\软件\\XianRenZhangAgent\\xrz_data\\gui_attachments\\f199dc5ff8484ebdb92be0e4fdb9a8d8.txt",
    "file": "D:\\软件\\XianRenZhangAgent\\xrz_data\\XianRenZhang_tasks\\conversations\\conv_deepseek_20260906_101128.json",
    "created_at": "2026-09-06T10:11:28.513378",
    "updated_at": "2026-09-06T10:11:28.513388"
   },
   {
    "id": "deepseek_20260906_101042_81866",
    "platform": "deepseek",
    "url": "https://chat.deepseek.com/a/chat/s/f2d401b8-c1cf-4049-bcc9-bd6b3f589d14",
    "title": "请阅读我上传的文件并用一句话概括它的内容。\n\n[附件说明] 本任务附带了以下文件，它们已同步上传到平台网页，同时在本地磁盘保留有原件，请直接用 file_read 读取以下绝对路径，不要猜测其它路径：\n- D:\\软件\\XianRenZhangAgent\\xrz_data\\gui_attachments\\f199dc5ff8484ebdb92be0e4fdb9a8d8.txt",
    "file": "D:\\软件\\XianRenZhangAgent\\xrz_data\\XianRenZhang_tasks\\conversations\\conv_deepseek_20260906_101042.json",
    "created_at": "2026-09-06T10:10:42.703864",
    "updated_at": "2026-09-06T10:10:42.703884"
   },
   {
    "id": "deepseek_20260906_100958_02610",
    "platform": "deepseek",
    "url": "https://chat.deepseek.com/a/chat/s/f2d401b8-c1cf-4049-bcc9-bd6b3f589d14",
    "title": "请阅读我上传的文件并用一句话概括它的内容。\n\n[附件说明] 本任务附带了以下文件，它们已同步上传到平台网页，同时在本地磁盘保留有原件，请直接用 file_read 读取以下绝对路径，不要猜测其它路径：\n- D:\\软件\\XianRenZhangAgent\\xrz_data\\gui_attachments\\f199dc5ff8484ebdb92be0e4fdb9a8d8.txt",
    "file": "D:\\软件\\XianRenZhangAgent\\xrz_data\\XianRenZhang_tasks\\conversations\\conv_deepseek_20260906_100958.json",
    "created_at": "2026-09-06T10:09:58.836513",
    "updated_at": "2026-09-06T10:09:58.836521"
   },
   {
    "id": "deepseek_20260906_100916_33617",
    "platform": "deepseek",
    "url": "https://chat.deepseek.com/a/chat/s/f2d401b8-c1cf-4049-bcc9-bd6b3f589d14",
    "title": "请阅读我上传的文件并用一句话概括它的内容。\n\n[附件说明] 本任务附带了以下文件，它们已同步上传到平台网页，同时在本地磁盘保留有原件，请直接用 file_read 读取以下绝对路径，不要猜测其它路径：\n- D:\\软件\\XianRenZhangAgent\\xrz_data\\gui_attachments\\f199dc5ff8484ebdb92be0e4fdb9a8d8.txt",
    "file": "D:\\软件\\XianRenZhangAgent\\xrz_data\\XianRenZhang_tasks\\conversations\\conv_deepseek_20260906_100916.json",
    "created_at": "2026-09-06T10:09:16.727190",
    "updated_at": "2026-09-06T10:09:16.727212"
   },
   {
    "id": "deepseek_20260906_094704_43353",
    "platform": "deepseek",
    "url": "https://chat.deepseek.com/a/chat/s/51ff60de-242b-42f5-9839-5fe3a2e850ce",
    "title": "你好",
    "file": "D:\\软件\\XianRenZhangAgent\\xrz_data\\XianRenZhang_tasks\\conversations\\conv_deepseek_20260906_094704.json",
    "created_at": "2026-09-06T09:47:04.969868",
    "updated_at": "2026-09-06T09:47:04.969925"
   },
   {
    "id": "deepseek_20260906_094648_75504",
    "platform": "deepseek",
    "url": "https://chat.deepseek.com/a/chat/s/51ff60de-242b-42f5-9839-5fe3a2e850ce",
    "title": "你好",
    "file": "D:\\软件\\XianRenZhangAgent\\xrz_data\\XianRenZhang_tasks\\conversations\\conv_deepseek_20260906_094648.json",
    "created_at": "2026-09-06T09:46:48.880610",
    "updated_at": "2026-09-06T09:46:48.880638"
   },
   {
    "id": "yuanbao_20260906_091824_49140",
    "platform": "yuanbao",
    "url": "https://yuanbao.tencent.com/chat/naQivTmsDa/0QCwxYnvqtM",
    "title": "[SYSTEM] NO @@@@ PROTOCOL. Your text was: 已经完成思考\nOK. All responses MUST use @@@@ JSON format. Format: @@@@\\n{\"tool\":\"xxx\",\"params\":{},\"id\":\"1\"}\\n@@@@. Please retry.",
    "file": "D:\\软件\\XianRenZhangAgent\\xrz_data\\XianRenZhang_tasks\\conversations\\conv_yuanbao_20260906_091824.json",
    "created_at": "2026-09-06T09:18:24.662062",
    "updated_at": "2026-09-06T09:18:24.662085"
   },
   {
    "id": "yuanbao_20260906_090604_71136",
    "platform": "yuanbao",
    "url": "https://yuanbao.tencent.com/chat/naQivTmsDa/0QCwxYnvqtM",
    "title": "[SYSTEM] NO @@@@ PROTOCOL. Your text was: 已经完成思考\nOK. All responses MUST use @@@@ JSON format. Format: @@@@\\n{\"tool\":\"xxx\",\"params\":{},\"id\":\"1\"}\\n@@@@. Please retry.",
    "file": "D:\\软件\\XianRenZhangAgent\\xrz_data\\XianRenZhang_tasks\\conversations\\conv_yuanbao_20260906_090604.json",
    "created_at": "2026-09-06T09:06:04.203698",
    "updated_at": "2026-09-06T09:06:04.728830"
   },
   {
    "id": "yuanbao_20260906_090603_24921",
    "platform": "yuanbao",
    "url": "https://yuanbao.tencent.com/chat/naQivTmsDa/0QCwxYnvqtM",
    "title": "[SYSTEM] NO @@@@ PROTOCOL. Your text was: 已经完成思考\nOK. All responses MUST use @@@@ JSON format. Format: @@@@\\n{\"tool\":\"xxx\",\"params\":{},\"id\":\"1\"}\\n@@@@. Please retry.",
    "file": "D:\\软件\\XianRenZhangAgent\\xrz_data\\XianRenZhang_tasks\\conversations\\conv_yuanbao_20260906_090603.json",
    "created_at": "2026-09-06T09:06:03.118569",
    "updated_at": "2026-09-06T09:06:03.118575"
   },
   {
    "id": "yuanbao_20260906_090602_89984",
    "platform": "yuanbao",
    "url": "https://yuanbao.tencent.com/chat/naQivTmsDa/0QCwxYnvqtM",
    "title": "[SYSTEM] NO @@@@ PROTOCOL. Your text was: 已经完成思考\nOK. All responses MUST use @@@@ JSON format. Format: @@@@\\n{\"tool\":\"xxx\",\"params\":{},\"id\":\"1\"}\\n@@@@. Please retry.",
    "file": "D:\\软件\\XianRenZhangAgent\\xrz_data\\XianRenZhang_tasks\\conversations\\conv_yuanbao_20260906_090602.json",
    "created_at": "2026-09-06T09:06:02.044014",
    "updated_at": "2026-09-06T09:06:02.595888"
   },
   {
    "id": "yuanbao_20260906_090601_44949",
    "platform": "yuanbao",
    "url": "https://yuanbao.tencent.com/chat/naQivTmsDa/0QCwxYnvqtM",
    "title": "[SYSTEM] NO @@@@ PROTOCOL. Your text was: 已经完成思考\nOK. All responses MUST use @@@@ JSON format. Format: @@@@\\n{\"tool\":\"xxx\",\"params\":{},\"id\":\"1\"}\\n@@@@. Please retry.",
    "file": "D:\\软件\\XianRenZhangAgent\\xrz_data\\XianRenZhang_tasks\\conversations\\conv_yuanbao_20260906_090601.json",
    "created_at": "2026-09-06T09:06:01.414862",
    "updated_at": "2026-09-06T09:06:01.414878"
   },
   {
    "id": "yuanbao_20260906_084238_23969",
    "platform": "yuanbao",
    "url": "https://yuanbao.tencent.com/chat/naQivTmsDa/0QCvfFjpdYG",
    "title": "[SYSTEM] NO @@@@ PROTOCOL. Your text was: 已经完成思考\nOK. All responses MUST use @@@@ JSON format. Format: @@@@\\n{\"tool\":\"xxx\",\"params\":{},\"id\":\"1\"}\\n@@@@. Please retry.",
    "file": "D:\\软件\\XianRenZhangAgent\\xrz_data\\XianRenZhang_tasks\\conversations\\conv_yuanbao_20260906_084238.json",
    "created_at": "2026-09-06T08:42:38.703486",
    "updated_at": "2026-09-06T08:42:38.703491"
   },
   {
    "id": "deepseek_20260906_083648_52710",
    "platform": "deepseek",
    "url": "https://chat.deepseek.com/a/chat/s/9ae71255-c539-4f0d-8d30-9afe5845116b",
    "title": "请阅读我上传的文件并用一句话概括它的内容。\n\n[附件说明] 本任务附带了以下文件，它们已同步上传到平台网页，同时在本地磁盘保留有原件，请直接用 file_read 读取以下绝对路径，不要猜测其它路径：\n- D:\\软件\\XianRenZhangAgent\\xrz_data\\gui_attachments\\47e2e0920ae84b62a3fefe7906ead653.txt",
    "file": "D:\\软件\\XianRenZhangAgent\\xrz_data\\XianRenZhang_tasks\\conversations\\conv_deepseek_20260906_083648.json",
    "created_at": "2026-09-06T08:36:48.128693",
    "updated_at": "2026-09-06T08:36:48.128700"
   },
   {
    "id": "deepseek_20260906_083039_29612",
    "platform": "deepseek",
    "url": "https://chat.deepseek.com/a/chat/s/f2d401b8-c1cf-4049-bcc9-bd6b3f589d14",
    "title": "请只回复两个字：OK",
    "file": "D:\\软件\\XianRenZhangAgent\\xrz_data\\XianRenZhang_tasks\\conversations\\conv_deepseek_20260906_083039.json",
    "created_at": "2026-09-06T08:30:39.400092",
    "updated_at": "2026-09-06T08:30:39.400101"
   },
   {
    "id": "deepseek_20260906_083008_31424",
    "platform": "deepseek",
    "url": "https://chat.deepseek.com/a/chat/s/f2d401b8-c1cf-4049-bcc9-bd6b3f589d14",
    "title": "请只回复两个字：OK",
    "file": "D:\\软件\\XianRenZhangAgent\\xrz_data\\XianRenZhang_tasks\\conversations\\conv_deepseek_20260906_083008.json",
    "created_at": "2026-09-06T08:30:08.082932",
    "updated_at": "2026-09-06T08:30:08.082938"
   },
   {
    "id": "deepseek_20260905_221004_35158",
    "platform": "deepseek",
    "url": "https://chat.deepseek.com/a/chat/s/f2d401b8-c1cf-4049-bcc9-bd6b3f589d14",
    "title": "测试连接",
    "file": "D:\\软件\\XianRenZhangAgent\\xrz_data\\XianRenZhang_tasks\\conversations\\conv_deepseek_20260905_221004.json",
    "created_at": "2026-09-05T22:10:04.084711",
    "updated_at": "2026-09-05T22:10:04.084721"
   },
   {
    "id": "deepseek_20260905_220911_08856",
    "platform": "deepseek",
    "url": "https://chat.deepseek.com/a/chat/s/f2d401b8-c1cf-4049-bcc9-bd6b3f589d14",
    "title": "测试连接",
    "file": "D:\\软件\\XianRenZhangAgent\\xrz_data\\XianRenZhang_tasks\\conversations\\conv_deepseek_20260905_220911.json",
    "created_at": "2026-09-05T22:09:11.416190",
    "updated_at": "2026-09-05T22:09:11.416211"
   },
   {
    "id": "deepseek_20260905_220756_32213",
    "platform": "deepseek",
    "url": "https://chat.deepseek.com/a/chat/s/f2d401b8-c1cf-4049-bcc9-bd6b3f589d14",
    "title": "测试连接",
    "file": "D:\\软件\\XianRenZhangAgent\\xrz_data\\XianRenZhang_tasks\\conversations\\conv_deepseek_20260905_220756.json",
    "created_at": "2026-09-05T22:07:56.765203",
    "updated_at": "2026-09-05T22:07:56.765240"
   },
   {
    "id": "deepseek_20260905_220712_65151",
    "platform": "deepseek",
    "url": "https://chat.deepseek.com/a/chat/s/f2d401b8-c1cf-4049-bcc9-bd6b3f589d14",
    "title": "测试连接",
    "file": "D:\\软件\\XianRenZhangAgent\\xrz_data\\XianRenZhang_tasks\\conversations\\conv_deepseek_20260905_220712.json",
    "created_at": "2026-09-05T22:07:12.243311",
    "updated_at": "2026-09-05T22:07:12.243323"
   },
   {
    "id": "deepseek_20260827_195024_67476",
    "platform": "deepseek",
    "url": "https://chat.deepseek.com/a/chat/s/f2d401b8-c1cf-4049-bcc9-bd6b3f589d14",
    "title": "读取文件 D:/software/XianRenZhangAgent/xrz_data/gui_attachments/4c9374b342d8449baf93fbe7670b32d0.pdf",
    "file": "D:\\软件\\XianRenZhangAgent\\xrz_data\\XianRenZhang_tasks\\conversations\\conv_deepseek_20260827_195024.json",
    "created_at": "2026-08-27T19:50:24.751731",
    "updated_at": "2026-08-27T19:50:24.751737"
   },
   {
    "id": "deepseek_20260827_195017_48702",
    "platform": "deepseek",
    "url": "https://chat.deepseek.com/a/chat/s/f2d401b8-c1cf-4049-bcc9-bd6b3f589d14",
    "title": "读取文件 D:/software/XianRenZhangAgent/xrz_data/gui_attachments/4c9374b342d8449baf93fbe7670b32d0.pdf",
    "file": "D:\\软件\\XianRenZhangAgent\\xrz_data\\XianRenZhang_tasks\\conversations\\conv_deepseek_20260827_195017.json",
    "created_at": "2026-08-27T19:50:17.098378",
    "updated_at": "2026-08-27T19:50:17.098388"
   },
   {
    "id": "deepseek_20260827_173719_14891",
    "platform": "deepseek",
    "url": "https://chat.deepseek.com/a/chat/s/b84535d5-498f-45b3-bff3-6293f7c5e6a5",
    "title": "解析这个文件，然后在桌面创建一个文件夹，生成word报告介绍\n\n[附件说明] 本任务附带了以下文件，它们已同步上传到平台网页，同时在本地磁盘保留有原件，请直接用 file_read 读取以下绝对路径，不要猜测其它路径：\n- D:\\软件\\XianRenZhangAgent\\xrz_data\\gui_attachments\\4e63d70bd08743408a9b6f2e4cf0acc0.pdf",
    "file": "D:\\软件\\XianRenZhangAgent\\xrz_data\\XianRenZhang_tasks\\conversations\\conv_deepseek_20260827_173718.json",
    "created_at": "2026-08-27T17:37:19.140409",
    "updated_at": "2026-08-27T17:37:19.140463"
   },
   {
    "id": "deepseek_20260827_173547_35484",
    "platform": "deepseek",
    "url": "https://chat.deepseek.com/a/chat/s/b84535d5-498f-45b3-bff3-6293f7c5e6a5",
    "title": "解析这个文件，然后在桌面创建一个文件夹，生成word报告介绍\n\n[附件说明] 本任务附带了以下文件，它们已同步上传到平台网页，同时在本地磁盘保留有原件，请直接用 file_read 读取以下绝对路径，不要猜测其它路径：\n- D:\\软件\\XianRenZhangAgent\\xrz_data\\gui_attachments\\4e63d70bd08743408a9b6f2e4cf0acc0.pdf",
    "file": "D:\\软件\\XianRenZhangAgent\\xrz_data\\XianRenZhang_tasks\\conversations\\conv_deepseek_20260827_173547.json",
    "created_at": "2026-08-27T17:35:47.416830",
    "updated_at": "2026-08-27T17:35:47.416866"
   },
   {
    "id": "deepseek_20260827_141111_11149",
    "platform": "deepseek",
    "url": "https://chat.deepseek.com/a/chat/s/4510431c-2627-4b4f-a194-eb52656def08",
    "title": "(无标题对话)",
    "file": "D:\\软件\\XianRenZhangAgent\\xrz_data\\XianRenZhang_tasks\\conversations\\conv_deepseek_20260827_141111.json",
    "created_at": "2026-08-27T14:11:11.187459",
    "updated_at": "2026-08-27T14:11:11.187465"
   },
   {
    "id": "deepseek_20260827_092028_02761",
    "platform": "deepseek",
    "url": "https://chat.deepseek.com/a/chat/s/a68c0ff9-127f-4ecb-bf2a-d6ec73332d88",
    "title": "使用 browser_research 搜索 'Python asyncio 最佳实践'，总结要点",
    "file": "D:\\软件\\XianRenZhangAgent\\xrz_data\\XianRenZhang_tasks\\conversations\\conv_deepseek_20260827_092028.json",
    "created_at": "2026-08-27T09:20:28.339497",
    "updated_at": "2026-08-27T09:20:28.339768"
   },
   {
    "id": "deepseek_20260827_091635_49709",
    "platform": "deepseek",
    "url": "https://chat.deepseek.com/a/chat/s/522a8f28-3144-43c4-886b-1e4785442f2a",
    "title": "=== 子代理任务（类型：research） ===\n\n任务描述：深度研究: Python asyncio 最佳实践 (最多访问 5 个页面)\n\n=== 协议格式（必须遵守） ===\n所有工具调用必须用 @@@@ 包裹：\n@@@@\n{\"tool\":\"工具名\",\"params\":{...},\"id\":\"唯一标识\"}\n@@@@\n\n=== 可用工具 ===\n- file_write: 写入文件（参数 p",
    "file": "D:\\软件\\XianRenZhangAgent\\xrz_data\\XianRenZhang_tasks\\conversations\\conv_deepseek_20260827_091635.json",
    "created_at": "2026-08-27T09:16:35.746882",
    "updated_at": "2026-08-27T09:16:35.746887"
   },
   {
    "id": "deepseek_20260827_091605_70915",
    "platform": "deepseek",
    "url": "https://chat.deepseek.com/a/chat/s/a68c0ff9-127f-4ecb-bf2a-d6ec73332d88",
    "title": "使用 browser_research 搜索 'Python asyncio 最佳实践'，总结要点",
    "file": "D:\\软件\\XianRenZhangAgent\\xrz_data\\XianRenZhang_tasks\\conversations\\conv_deepseek_20260827_091605.json",
    "created_at": "2026-08-27T09:16:05.413980",
    "updated_at": "2026-08-27T09:16:05.413987"
   },
   {
    "id": "deepseek_20260827_090044_55355",
    "platform": "deepseek",
    "url": "https://chat.deepseek.com/a/chat/s/4ba154da-784c-4dae-8491-86adb1dfddbc",
    "title": "使用 browser_research 工具搜索 'Python asyncio 最佳实践'，总结要点",
    "file": "D:\\软件\\XianRenZhangAgent\\xrz_data\\XianRenZhang_tasks\\conversations\\conv_deepseek_20260827_090044.json",
    "created_at": "2026-08-27T09:00:44.867156",
    "updated_at": "2026-08-27T09:00:44.867172"
   },
   {
    "id": "deepseek_20260827_085946_65210",
    "platform": "deepseek",
    "url": "https://chat.deepseek.com/a/chat/s/6ed5bef0-f34d-4886-8238-676757d016a1",
    "title": "=== 子代理任务（类型：research） ===\n\n任务描述：深度研究: AI Agent 框架最新进展 (最多访问 5 个页面)\n\n=== 协议格式（必须遵守） ===\n所有工具调用必须用 @@@@ 包裹：\n@@@@\n{\"tool\":\"工具名\",\"params\":{...},\"id\":\"唯一标识\"}\n@@@@\n\n=== 可用工具 ===\n- file_write: 写入文件（参数 path,",
    "file": "D:\\软件\\XianRenZhangAgent\\xrz_data\\XianRenZhang_tasks\\conversations\\conv_deepseek_20260827_085946.json",
    "created_at": "2026-08-27T08:59:46.389175",
    "updated_at": "2026-08-27T08:59:46.389180"
   },
   {
    "id": "deepseek_20260827_085823_22758",
    "platform": "deepseek",
    "url": "https://chat.deepseek.com/a/chat/s/6ed5bef0-f34d-4886-8238-676757d016a1",
    "title": "=== 子代理任务（类型：research） ===\n\n任务描述：深度研究: AI Agent 框架最新进展 (最多访问 5 个页面)\n\n=== 协议格式（必须遵守） ===\n所有工具调用必须用 @@@@ 包裹：\n@@@@\n{\"tool\":\"工具名\",\"params\":{...},\"id\":\"唯一标识\"}\n@@@@\n\n=== 可用工具 ===\n- file_write: 写入文件（参数 path,",
    "file": "D:\\软件\\XianRenZhangAgent\\xrz_data\\XianRenZhang_tasks\\conversations\\conv_deepseek_20260827_085823.json",
    "created_at": "2026-08-27T08:58:23.591101",
    "updated_at": "2026-08-27T08:58:23.591109"
   },
   {
    "id": "deepseek_20260827_085746_35336",
    "platform": "deepseek",
    "url": "https://chat.deepseek.com/a/chat/s/4ba154da-784c-4dae-8491-86adb1dfddbc",
    "title": "使用 browser_research 工具搜索 'Python asyncio 最佳实践'，总结要点",
    "file": "D:\\软件\\XianRenZhangAgent\\xrz_data\\XianRenZhang_tasks\\conversations\\conv_deepseek_20260827_085746.json",
    "created_at": "2026-08-27T08:57:46.812578",
    "updated_at": "2026-08-27T08:57:46.812591"
   },
   {
    "id": "deepseek_20260827_085326_00675",
    "platform": "deepseek",
    "url": "https://chat.deepseek.com/a/chat/s/fad6abab-0413-41d0-9abc-46d7e670e595",
    "title": "使用 browser_research 工具搜索 'Python asyncio 最佳实践'，总结要点",
    "file": "D:\\软件\\XianRenZhangAgent\\xrz_data\\XianRenZhang_tasks\\conversations\\conv_deepseek_20260827_085326.json",
    "created_at": "2026-08-27T08:53:26.468431",
    "updated_at": "2026-08-27T08:53:26.805157"
   },
   {
    "id": "deepseek_20260827_085314_70509",
    "platform": "deepseek",
    "url": "https://chat.deepseek.com/a/chat/s/fad6abab-0413-41d0-9abc-46d7e670e595",
    "title": "使用 browser_research 工具搜索 'Python asyncio 最佳实践'，总结要点",
    "file": "D:\\软件\\XianRenZhangAgent\\xrz_data\\XianRenZhang_tasks\\conversations\\conv_deepseek_20260827_085314.json",
    "created_at": "2026-08-27T08:53:14.415370",
    "updated_at": "2026-08-27T08:53:14.415378"
   },
   {
    "id": "deepseek_20260827_085247_28277",
    "platform": "deepseek",
    "url": "https://chat.deepseek.com/a/chat/s/fad6abab-0413-41d0-9abc-46d7e670e595",
    "title": "使用 browser_research 工具搜索 'Python asyncio 最佳实践'，总结要点",
    "file": "D:\\软件\\XianRenZhangAgent\\xrz_data\\XianRenZhang_tasks\\conversations\\conv_deepseek_20260827_085247.json",
    "created_at": "2026-08-27T08:52:47.382374",
    "updated_at": "2026-08-27T08:52:47.382382"
   },
   {
    "id": "deepseek_20260827_085230_36957",
    "platform": "deepseek",
    "url": "https://chat.deepseek.com/a/chat/s/fad6abab-0413-41d0-9abc-46d7e670e595",
    "title": "使用 browser_research 工具搜索 'Python asyncio 最佳实践'，总结要点",
    "file": "D:\\软件\\XianRenZhangAgent\\xrz_data\\XianRenZhang_tasks\\conversations\\conv_deepseek_20260827_085230.json",
    "created_at": "2026-08-27T08:52:30.782927",
    "updated_at": "2026-08-27T08:52:30.782933"
   },
   {
    "id": "deepseek_20260827_085133_41096",
    "platform": "deepseek",
    "url": "https://chat.deepseek.com/a/chat/s/fad6abab-0413-41d0-9abc-46d7e670e595",
    "title": "使用 browser_research 工具搜索 'Python asyncio 最佳实践'，总结要点",
    "file": "D:\\软件\\XianRenZhangAgent\\xrz_data\\XianRenZhang_tasks\\conversations\\conv_deepseek_20260827_085133.json",
    "created_at": "2026-08-27T08:51:33.451438",
    "updated_at": "2026-08-27T08:51:33.451446"
   },
   {
    "id": "deepseek_20260827_084905_45784",
    "platform": "deepseek",
    "url": "https://chat.deepseek.com/a/chat/s/f66af0f3-cdc9-4e90-8c42-a9fa1475c7d6",
    "title": "=== 子代理任务（类型：research） ===\n\n任务描述：深度研究:  (最多访问 5 个页面)\n\n=== 协议格式（必须遵守） ===\n所有工具调用必须用 @@@@ 包裹：\n@@@@\n{\"tool\":\"工具名\",\"params\":{...},\"id\":\"唯一标识\"}\n@@@@\n\n=== 可用工具 ===\n- file_write: 写入文件（参数 path, content）\n- fil",
    "file": "D:\\软件\\XianRenZhangAgent\\xrz_data\\XianRenZhang_tasks\\conversations\\conv_deepseek_20260827_084905.json",
    "created_at": "2026-08-27T08:49:05.366035",
    "updated_at": "2026-08-27T08:49:05.366041"
   },
   {
    "id": "deepseek_20260827_084857_20452",
    "platform": "deepseek",
    "url": "https://chat.deepseek.com/a/chat/s/fad6abab-0413-41d0-9abc-46d7e670e595",
    "title": "使用 browser_research 工具搜索 'Python asyncio 最佳实践'，总结要点",
    "file": "D:\\软件\\XianRenZhangAgent\\xrz_data\\XianRenZhang_tasks\\conversations\\conv_deepseek_20260827_084857.json",
    "created_at": "2026-08-27T08:48:57.533759",
    "updated_at": "2026-08-27T08:48:57.533769"
   },
   {
    "id": "deepseek_20260827_084857_64816",
    "platform": "deepseek",
    "url": "https://chat.deepseek.com/a/chat/s/fad6abab-0413-41d0-9abc-46d7e670e595",
    "title": "使用 browser_research 工具搜索 'Python asyncio 最佳实践'，总结要点",
    "file": "D:\\软件\\XianRenZhangAgent\\xrz_data\\XianRenZhang_tasks\\conversations\\conv_deepseek_20260827_084856.json",
    "created_at": "2026-08-27T08:48:57.016499",
    "updated_at": "2026-08-27T08:48:57.016511"
   },
   {
    "id": "deepseek_20260827_084810_04895",
    "platform": "deepseek",
    "url": "https://chat.deepseek.com/a/chat/s/fad6abab-0413-41d0-9abc-46d7e670e595",
    "title": "使用 browser_research 工具搜索 'Python asyncio 最佳实践'，总结要点",
    "file": "D:\\软件\\XianRenZhangAgent\\xrz_data\\XianRenZhang_tasks\\conversations\\conv_deepseek_20260827_084810.json",
    "created_at": "2026-08-27T08:48:10.379176",
    "updated_at": "2026-08-27T08:48:10.379181"
   },
   {
    "id": "deepseek_20260827_084322_39298",
    "platform": "deepseek",
    "url": "https://chat.deepseek.com/a/chat/s/ec8fac30-7582-4789-aeb3-ecf9c6c6d58b",
    "title": "=== 子代理任务（类型：research） ===\n\n任务描述：深度研究: AI新闻 2026年8月 最新人工智能动态 (最多访问 2 个页面)\n\n=== 协议格式（必须遵守） ===\n所有工具调用必须用 @@@@ 包裹：\n@@@@\n{\"tool\":\"工具名\",\"params\":{...},\"id\":\"唯一标识\"}\n@@@@\n\n=== 可用工具 ===\n- file_write: 写入文件（参数",
    "file": "D:\\软件\\XianRenZhangAgent\\xrz_data\\XianRenZhang_tasks\\conversations\\conv_deepseek_20260827_084322.json",
    "created_at": "2026-08-27T08:43:22.664947",
    "updated_at": "2026-08-27T08:43:22.664951"
   },
   {
    "id": "deepseek_20260827_084207_91546",
    "platform": "deepseek",
    "url": "https://chat.deepseek.com/a/chat/s/87d79442-fb42-452f-9515-1243582ee3d5",
    "title": "[SYSTEM] NO @@@@ PROTOCOL. Your text was: 我注意到您发送了一条看起来像是包含工具调用指令的格式化消息。但我需要澄清一下——在对话环境中，我无法直接执行\"测试子代理功能\"这样的系统级操作。我本身就是一个AI助手，没有\"子代理\"这样的功能架构。\n\n不过，如果您是想测试我作为AI助手的某些功能或能力，我很乐意配合！您可以告诉我：\n\n您想测试什么具体功能（比如信息",
    "file": "D:\\软件\\XianRenZhangAgent\\xrz_data\\XianRenZhang_tasks\\conversations\\conv_deepseek_20260827_084207.json",
    "created_at": "2026-08-27T08:42:07.163934",
    "updated_at": "2026-08-27T08:42:07.163939"
   },
   {
    "id": "deepseek_20260827_084025_30190",
    "platform": "deepseek",
    "url": "https://chat.deepseek.com/a/chat/s/87d79442-fb42-452f-9515-1243582ee3d5",
    "title": "[SYSTEM] NO @@@@ PROTOCOL. Your text was: 我注意到您发送了一条看起来像是包含工具调用指令的格式化消息。但我需要澄清一下——在对话环境中，我无法直接执行\"测试子代理功能\"这样的系统级操作。我本身就是一个AI助手，没有\"子代理\"这样的功能架构。\n\n不过，如果您是想测试我作为AI助手的某些功能或能力，我很乐意配合！您可以告诉我：\n\n您想测试什么具体功能（比如信息",
    "file": "D:\\软件\\XianRenZhangAgent\\xrz_data\\XianRenZhang_tasks\\conversations\\conv_deepseek_20260827_084025.json",
    "created_at": "2026-08-27T08:40:25.419844",
    "updated_at": "2026-08-27T08:40:25.419849"
   },
   {
    "id": "deepseek_20260827_084022_57174",
    "platform": "deepseek",
    "url": "https://chat.deepseek.com/a/chat/s/5c09000c-7a53-491a-aeed-9df6e3dc599c",
    "title": "=== 子代理任务（类型：research） ===\n\n任务描述：深度研究: AI 最新进展 2026年8月 (最多访问 3 个页面)\n\n=== 协议格式（必须遵守） ===\n所有工具调用必须用 @@@@ 包裹：\n@@@@\n{\"tool\":\"工具名\",\"params\":{...},\"id\":\"唯一标识\"}\n@@@@\n\n=== 可用工具 ===\n- file_write: 写入文件（参数 path,",
    "file": "D:\\软件\\XianRenZhangAgent\\xrz_data\\XianRenZhang_tasks\\conversations\\conv_deepseek_20260827_084022.json",
    "created_at": "2026-08-27T08:40:22.088717",
    "updated_at": "2026-08-27T08:40:22.088721"
   },
   {
    "id": "deepseek_20260827_084006_44894",
    "platform": "deepseek",
    "url": "https://chat.deepseek.com/a/chat/s/87d79442-fb42-452f-9515-1243582ee3d5",
    "title": "[SYSTEM] NO @@@@ PROTOCOL. Your text was: 我注意到您发送了一条看起来像是包含工具调用指令的格式化消息。但我需要澄清一下——在对话环境中，我无法直接执行\"测试子代理功能\"这样的系统级操作。我本身就是一个AI助手，没有\"子代理\"这样的功能架构。\n\n不过，如果您是想测试我作为AI助手的某些功能或能力，我很乐意配合！您可以告诉我：\n\n您想测试什么具体功能（比如信息",
    "file": "D:\\软件\\XianRenZhangAgent\\xrz_data\\XianRenZhang_tasks\\conversations\\conv_deepseek_20260827_084006.json",
    "created_at": "2026-08-27T08:40:06.020640",
    "updated_at": "2026-08-27T08:40:06.020646"
   },
   {
    "id": "deepseek_20260827_083926_54681",
    "platform": "deepseek",
    "url": "https://chat.deepseek.com/a/chat/s/5c09000c-7a53-491a-aeed-9df6e3dc599c",
    "title": "=== 子代理任务（类型：research） ===\n\n任务描述：深度研究: AI 最新进展 2026年8月 (最多访问 3 个页面)\n\n=== 协议格式（必须遵守） ===\n所有工具调用必须用 @@@@ 包裹：\n@@@@\n{\"tool\":\"工具名\",\"params\":{...},\"id\":\"唯一标识\"}\n@@@@\n\n=== 可用工具 ===\n- file_write: 写入文件（参数 path,",
    "file": "D:\\软件\\XianRenZhangAgent\\xrz_data\\XianRenZhang_tasks\\conversations\\conv_deepseek_20260827_083926.json",
    "created_at": "2026-08-27T08:39:26.171654",
    "updated_at": "2026-08-27T08:39:26.171660"
   },
   {
    "id": "deepseek_20260827_083607_27022",
    "platform": "deepseek",
    "url": "https://chat.deepseek.com/a/chat/s/87d79442-fb42-452f-9515-1243582ee3d5",
    "title": "[SYSTEM] NO @@@@ PROTOCOL. Your text was: 我注意到您发送了一条看起来像是包含工具调用指令的格式化消息。但我需要澄清一下——在对话环境中，我无法直接执行\"测试子代理功能\"这样的系统级操作。我本身就是一个AI助手，没有\"子代理\"这样的功能架构。\n\n不过，如果您是想测试我作为AI助手的某些功能或能力，我很乐意配合！您可以告诉我：\n\n您想测试什么具体功能（比如信息",
    "file": "D:\\软件\\XianRenZhangAgent\\xrz_data\\XianRenZhang_tasks\\conversations\\conv_deepseek_20260827_083607.json",
    "created_at": "2026-08-27T08:36:07.892214",
    "updated_at": "2026-08-27T08:36:07.892236"
   },
   {
    "id": "deepseek_20260827_083606_58714",
    "platform": "deepseek",
    "url": "https://chat.deepseek.com/a/chat/s/87d79442-fb42-452f-9515-1243582ee3d5",
    "title": "[SYSTEM] NO @@@@ PROTOCOL. Your text was: 我注意到您发送了一条看起来像是包含工具调用指令的格式化消息。但我需要澄清一下——在对话环境中，我无法直接执行\"测试子代理功能\"这样的系统级操作。我本身就是一个AI助手，没有\"子代理\"这样的功能架构。\n\n不过，如果您是想测试我作为AI助手的某些功能或能力，我很乐意配合！您可以告诉我：\n\n您想测试什么具体功能（比如信息",
    "file": "D:\\软件\\XianRenZhangAgent\\xrz_data\\XianRenZhang_tasks\\conversations\\conv_deepseek_20260827_083606.json",
    "created_at": "2026-08-27T08:36:06.992400",
    "updated_at": "2026-08-27T08:36:06.992406"
   },
   {
    "id": "deepseek_20260827_083520_55435",
    "platform": "deepseek",
    "url": "https://chat.deepseek.com/a/chat/s/aea47ab1-1b3d-44d1-9c69-690cdcee5067",
    "title": "=== 子代理任务（类型：research） ===\n\n任务描述：深度研究: 测试子代理功能 (最多访问 2 个页面)\n\n=== 协议格式（必须遵守） ===\n所有工具调用必须用 @@@@ 包裹：\n@@@@\n{\"tool\":\"工具名\",\"params\":{...},\"id\":\"唯一标识\"}\n@@@@\n\n=== 可用工具 ===\n- file_write: 写入文件（参数 path, content",
    "file": "D:\\软件\\XianRenZhangAgent\\xrz_data\\XianRenZhang_tasks\\conversations\\conv_deepseek_20260827_083520.json",
    "created_at": "2026-08-27T08:35:20.819215",
    "updated_at": "2026-08-27T08:35:20.819230"
   },
   {
    "id": "deepseek_20260827_075334_70351",
    "platform": "deepseek",
    "url": "https://chat.deepseek.com/a/chat/s/bc40835b-3a0c-4edc-9830-5b2372101c6a",
    "title": "请生成一份 Word 报告，保存到 D:/软件/XianRenZhangAgent/test_output/report.docx,标题为《仙人掌 Agent 自测报告》，下面包含3个小节：一、功能概览；二、测试结论；三、下一步计划。",
    "file": "D:\\软件\\XianRenZhangAgent\\xrz_data\\XianRenZhang_tasks\\conversations\\conv_deepseek_20260827_075334.json",
    "created_at": "2026-08-27T07:53:34.505576",
    "updated_at": "2026-08-27T07:53:34.505599"
   },
   {
    "id": "deepseek_20260827_072830_38830",
    "platform": "deepseek",
    "url": "https://chat.deepseek.com/a/chat/s/68c50bc8-0b61-4190-9abd-6ad7f3af714e",
    "title": "请生成一份 Word 报告，保存到 D:/软件/XianRenZhangAgent/test_output/report.docx,标题为《仙人掌 Agent 自测报告》，下面包含3个小节：一、功能概览；二、测试结论；三、下一步计划。",
    "file": "D:\\软件\\XianRenZhangAgent\\xrz_data\\XianRenZhang_tasks\\conversations\\conv_deepseek_20260827_072830.json",
    "created_at": "2026-08-27T07:28:30.246731",
    "updated_at": "2026-08-27T07:28:30.246744"
   },
   {
    "id": "tongyi_20260826_221619_73952",
    "platform": "tongyi",
    "url": "https://chat.qwen.ai/c/aa40d7c0-9f1e-47f5-b2b8-9fa6368b0ee5",
    "title": "请用通俗的话解释一下 TCP 三次握手是什么。",
    "file": "D:\\软件\\XianRenZhangAgent\\xrz_data\\XianRenZhang_tasks\\conversations\\conv_tongyi_20260826_221619.json",
    "created_at": "2026-08-26T22:16:19.815928",
    "updated_at": "2026-08-26T22:16:19.815934"
   },
   {
    "id": "deepseek_20260826_202509_66374",
    "platform": "deepseek",
    "url": "https://chat.deepseek.com/a/chat/s/7ebb9269-cf00-4fcd-af52-80356c6e2abd",
    "title": "请生成一份 Word 报告，保存到 D:/software_temp/test_output/report.docx,标题为《仙人掌 Agent 自测报告》，下面包含3个小节：一、功能概览；二、测试结论；三、下一步计划。",
    "file": "D:\\软件\\XianRenZhangAgent\\xrz_data\\XianRenZhang_tasks\\conversations\\conv_deepseek_20260826_202509.json",
    "created_at": "2026-08-26T20:25:09.930682",
    "updated_at": "2026-08-26T20:25:09.930687"
   },
   {
    "id": "deepseek_20260826_202429_04420",
    "platform": "deepseek",
    "url": "https://chat.deepseek.com/a/chat/s/1812fa91-d653-475b-858d-2484e97d2ef6",
    "title": "请生成一份 Word 报告，保存到 D:/software_temp/test_output/report.docx,标题为《仙人掌 Agent 自测报告》，下面包含3个小节：一、功能概览；二、测试结论；三、下一步计划。",
    "file": "D:\\软件\\XianRenZhangAgent\\xrz_data\\XianRenZhang_tasks\\conversations\\conv_deepseek_20260826_202429.json",
    "created_at": "2026-08-26T20:24:29.904906",
    "updated_at": "2026-08-26T20:24:29.904924"
   },
   {
    "id": "deepseek_20260826_201603_39732",
    "platform": "deepseek",
    "url": "https://chat.deepseek.com/a/chat/s/936b12b7-31c8-4a4f-a653-cc7dd7fd095c",
    "title": "请生成一份 Word 报告，保存到 D:/software_temp/test_output/report.docx,标题为《仙人掌 Agent 自测报告》，下面包含3个小节：一、功能概览；二、测试结论；三、下一步计划。",
    "file": "D:\\软件\\XianRenZhangAgent\\xrz_data\\XianRenZhang_tasks\\conversations\\conv_deepseek_20260826_201603.json",
    "created_at": "2026-08-26T20:16:03.417516",
    "updated_at": "2026-08-26T20:16:03.417521"
   },
   {
    "id": "deepseek_20260826_201523_91270",
    "platform": "deepseek",
    "url": "https://chat.deepseek.com/a/chat/s/d367be69-cf3e-4c0a-a3cf-d86596f75a0f",
    "title": "请生成一份 Word 报告，保存到 D:/software_temp/test_output/report.docx,标题为《仙人掌 Agent 自测报告》，下面包含3个小节：一、功能概览；二、测试结论；三、下一步计划。",
    "file": "D:\\软件\\XianRenZhangAgent\\xrz_data\\XianRenZhang_tasks\\conversations\\conv_deepseek_20260826_201523.json",
    "created_at": "2026-08-26T20:15:23.695681",
    "updated_at": "2026-08-26T20:15:23.695693"
   },
   {
    "id": "deepseek_20260826_200013_19308",
    "platform": "deepseek",
    "url": "https://chat.deepseek.com/a/chat/s/c06b60ee-e8e5-4d50-ba41-fe51ca68d239",
    "title": "请生成一份 Word 报告，保存到 D:\\software_temp\\test_output\\report.docx，标题为《仙人掌 Agent 自测报告》，下面包含3个小节：一、功能概览；二、测试结论；三、下一步计划。",
    "file": "D:\\软件\\XianRenZhangAgent\\xrz_data\\XianRenZhang_tasks\\conversations\\conv_deepseek_20260826_200013.json",
    "created_at": "2026-08-26T20:00:13.989356",
    "updated_at": "2026-08-26T20:00:13.989367"
   },
   {
    "id": "deepseek_20260826_195928_98529",
    "platform": "deepseek",
    "url": "https://chat.deepseek.com/a/chat/s/c06b60ee-e8e5-4d50-ba41-fe51ca68d239",
    "title": "请生成一份 Word 报告，保存到 D:\\software_temp\\test_output\\report.docx，标题为《仙人掌 Agent 自测报告》，下面包含3个小节：一、功能概览；二、测试结论；三、下一步计划。",
    "file": "D:\\软件\\XianRenZhangAgent\\xrz_data\\XianRenZhang_tasks\\conversations\\conv_deepseek_20260826_195928.json",
    "created_at": "2026-08-26T19:59:28.973116",
    "updated_at": "2026-08-26T19:59:28.973120"
   },
   {
    "id": "deepseek_20260826_195842_82338",
    "platform": "deepseek",
    "url": "https://chat.deepseek.com/a/chat/s/eae0bba0-fbd6-4438-94e9-cda000584ca9",
    "title": "请生成一份 Word 报告，保存到 D:\\software_temp\\test_output\\report.docx，标题为《仙人掌 Agent 自测报告》，下面包含3个小节：一、功能概览；二、测试结论；三、下一步计划。",
    "file": "D:\\软件\\XianRenZhangAgent\\xrz_data\\XianRenZhang_tasks\\conversations\\conv_deepseek_20260826_195842.json",
    "created_at": "2026-08-26T19:58:42.261642",
    "updated_at": "2026-08-26T19:58:42.261647"
   },
   {
    "id": "deepseek_20260826_181056_47540",
    "platform": "deepseek",
    "url": "https://chat.deepseek.com/a/chat/s/57209816-341d-413d-a681-a6733f5eaf3d",
    "title": "请生成一份 Word 报告，保存到 D:\\软件\\XianRenZhangAgent\\test_output\\report.docx，标题为《仙人掌 Agent 自测报告》，下面包含3个小节：一、功能概览；二、测试结论；三、下一步计划。",
    "file": "D:\\软件\\XianRenZhangAgent\\xrz_data\\XianRenZhang_tasks\\conversations\\conv_deepseek_20260826_181056.json",
    "created_at": "2026-08-26T18:10:56.191943",
    "updated_at": "2026-08-26T18:10:56.191949"
   },
   {
    "id": "deepseek_20260826_181015_78570",
    "platform": "deepseek",
    "url": "https://chat.deepseek.com/a/chat/s/e53fb233-7c68-4d3a-b000-93df0cd9c443",
    "title": "请生成一份 Word 报告，保存到 D:\\软件\\XianRenZhangAgent\\test_output\\report.docx，标题为《仙人掌 Agent 自测报告》，下面包含3个小节：一、功能概览；二、测试结论；三、下一步计划。",
    "file": "D:\\软件\\XianRenZhangAgent\\xrz_data\\XianRenZhang_tasks\\conversations\\conv_deepseek_20260826_181015.json",
    "created_at": "2026-08-26T18:10:15.613046",
    "updated_at": "2026-08-26T18:10:15.613058"
   },
   {
    "id": "deepseek_20260826_180151_01686",
    "platform": "deepseek",
    "url": "https://chat.deepseek.com/a/chat/s/cf440d9b-7ea8-4775-97c8-12f12e2bc13a",
    "title": "请生成一份 Word 报告，保存到 D:\\软件\\XianRenZhangAgent\\test_output\\report.docx，标题为《仙人掌 Agent 自测报告》，下面包含3个小节：一、功能概览；二、测试结论；三、下一步计划。",
    "file": "D:\\软件\\XianRenZhangAgent\\xrz_data\\XianRenZhang_tasks\\conversations\\conv_deepseek_20260826_180151.json",
    "created_at": "2026-08-26T18:01:51.295749",
    "updated_at": "2026-08-26T18:01:51.295756"
   },
   {
    "id": "deepseek_20260826_180118_58863",
    "platform": "deepseek",
    "url": "https://chat.deepseek.com/a/chat/s/cf440d9b-7ea8-4775-97c8-12f12e2bc13a",
    "title": "请生成一份 Word 报告，保存到 D:\\软件\\XianRenZhangAgent\\test_output\\report.docx，标题为《仙人掌 Agent 自测报告》，下面包含3个小节：一、功能概览；二、测试结论；三、下一步计划。",
    "file": "D:\\软件\\XianRenZhangAgent\\xrz_data\\XianRenZhang_tasks\\conversations\\conv_deepseek_20260826_180118.json",
    "created_at": "2026-08-26T18:01:18.241013",
    "updated_at": "2026-08-26T18:01:18.241020"
   },
   {
    "id": "deepseek_20260826_180041_13795",
    "platform": "deepseek",
    "url": "https://chat.deepseek.com/a/chat/s/50ca7d6f-d152-41e0-895e-b5847856ca1a",
    "title": "请生成一份 Word 报告，保存到 D:\\软件\\XianRenZhangAgent\\test_output\\report.docx，标题为《仙人掌 Agent 自测报告》，下面包含3个小节：一、功能概览；二、测试结论；三、下一步计划。",
    "file": "D:\\软件\\XianRenZhangAgent\\xrz_data\\XianRenZhang_tasks\\conversations\\conv_deepseek_20260826_180040.json",
    "created_at": "2026-08-26T18:00:41.009310",
    "updated_at": "2026-08-26T18:00:41.009323"
   },
   {
    "id": "deepseek_20260826_175537_66007",
    "platform": "deepseek",
    "url": "https://chat.deepseek.com/a/chat/s/cd5ab22d-9aac-4a47-9c08-38bd1f0a832a",
    "title": "请生成一份 Word 报告，保存到 D:\\软件\\XianRenZhangAgent\\test_output\\report.docx，标题为《仙人掌 Agent 自测报告》，下面包含3个小节：一、功能概览；二、测试结论；三、下一步计划。",
    "file": "D:\\软件\\XianRenZhangAgent\\xrz_data\\XianRenZhang_tasks\\conversations\\conv_deepseek_20260826_175537.json",
    "created_at": "2026-08-26T17:55:37.731933",
    "updated_at": "2026-08-26T17:55:37.731944"
   },
   {
    "id": "deepseek_20260826_175502_11321",
    "platform": "deepseek",
    "url": "https://chat.deepseek.com/a/chat/s/e165b4f6-d45f-4d7b-b443-9bb10d65d73c",
    "title": "请生成一份 Word 报告，保存到 D:\\软件\\XianRenZhangAgent\\test_output\\report.docx，标题为《仙人掌 Agent 自测报告》，下面包含3个小节：一、功能概览；二、测试结论；三、下一步计划。",
    "file": "D:\\软件\\XianRenZhangAgent\\xrz_data\\XianRenZhang_tasks\\conversations\\conv_deepseek_20260826_175502.json",
    "created_at": "2026-08-26T17:55:02.838615",
    "updated_at": "2026-08-26T17:55:02.838621"
   },
   {
    "id": "deepseek_20260826_175412_00126",
    "platform": "deepseek",
    "url": "https://chat.deepseek.com/a/chat/s/e165b4f6-d45f-4d7b-b443-9bb10d65d73c",
    "title": "请生成一份 Word 报告，保存到 D:\\软件\\XianRenZhangAgent\\test_output\\report.docx，标题为《仙人掌 Agent 自测报告》，下面包含3个小节：一、功能概览；二、测试结论；三、下一步计划。",
    "file": "D:\\软件\\XianRenZhangAgent\\xrz_data\\XianRenZhang_tasks\\conversations\\conv_deepseek_20260826_175412.json",
    "created_at": "2026-08-26T17:54:12.097773",
    "updated_at": "2026-08-26T17:54:12.097786"
   },
   {
    "id": "deepseek_20260826_174140_60927",
    "platform": "deepseek",
    "url": "https://chat.deepseek.com/a/chat/s/24e339ce-7a6f-4c7e-9e4a-81857db92c65",
    "title": "请生成一份 Word 报告，保存到 D:\\软件\\XianRenZhangAgent\\test_output\\report.docx，标题为《仙人掌 Agent 自测报告》，下面包含3个小节：一、功能概览；二、测试结论；三、下一步计划。",
    "file": "D:\\软件\\XianRenZhangAgent\\xrz_data\\XianRenZhang_tasks\\conversations\\conv_deepseek_20260826_174140.json",
    "created_at": "2026-08-26T17:41:40.889127",
    "updated_at": "2026-08-26T17:41:40.889139"
   },
   {
    "id": "deepseek_20260826_172134_17669",
    "platform": "deepseek",
    "url": "https://chat.deepseek.com/a/chat/s/359f214e-af7e-4eb5-ac3f-806d2b3ca675",
    "title": "请生成一份 Word 报告，保存到 D:\\软件\\XianRenZhangAgent\\test_output\\report.docx，标题为《仙人掌 Agent 自测报告》，下面包含3个小节：一、功能概览；二、测试结论；三、下一步计划。",
    "file": "D:\\软件\\XianRenZhangAgent\\xrz_data\\XianRenZhang_tasks\\conversations\\conv_deepseek_20260826_172134.json",
    "created_at": "2026-08-26T17:21:34.552313",
    "updated_at": "2026-08-26T17:21:34.552320"
   },
   {
    "id": "deepseek_20260826_172057_70922",
    "platform": "deepseek",
    "url": "https://chat.deepseek.com/a/chat/s/5ba28815-2029-4183-bbdb-75a4d8e72dad",
    "title": "请生成一份 Word 报告，保存到 D:\\软件\\XianRenZhangAgent\\test_output\\report.docx，标题为《仙人掌 Agent 自测报告》，下面包含3个小节：一、功能概览；二、测试结论；三、下一步计划。",
    "file": "D:\\软件\\XianRenZhangAgent\\xrz_data\\XianRenZhang_tasks\\conversations\\conv_deepseek_20260826_172057.json",
    "created_at": "2026-08-26T17:20:57.283214",
    "updated_at": "2026-08-26T17:20:57.283221"
   },
   {
    "id": "tongyi_20260823_171637_93784",
    "platform": "tongyi",
    "url": "https://chat.qwen.ai/c/74d4bfc4-f7e8-4240-8a7f-1177f78ae2d8",
    "title": "请用通俗的话解释一下 TCP 三次握手是什么。",
    "file": "D:\\软件\\XianRenZhangAgent\\xrz_data\\XianRenZhang_tasks\\conversations\\conv_tongyi_20260823_171637.json",
    "created_at": "2026-08-23T17:16:37.537869",
    "updated_at": "2026-08-23T17:16:37.537874"
   },
   {
    "id": "tongyi_20260823_170952_78236",
    "platform": "tongyi",
    "url": "https://chat.qwen.ai/c/74d4bfc4-f7e8-4240-8a7f-1177f78ae2d8",
    "title": "请用通俗的话解释一下 TCP 三次握手是什么。",
    "file": "D:\\软件\\XianRenZhangAgent\\xrz_data\\XianRenZhang_tasks\\conversations\\conv_tongyi_20260823_170952.json",
    "created_at": "2026-08-23T17:09:52.486687",
    "updated_at": "2026-08-23T17:09:52.486692"
   },
   {
    "id": "tongyi_20260823_170133_99393",
    "platform": "tongyi",
    "url": "https://chat.qwen.ai/c/74d4bfc4-f7e8-4240-8a7f-1177f78ae2d8",
    "title": "请用通俗的话解释一下 TCP 三次握手是什么。",
    "file": "D:\\软件\\XianRenZhangAgent\\xrz_data\\XianRenZhang_tasks\\conversations\\conv_tongyi_20260823_170133.json",
    "created_at": "2026-08-23T17:01:33.104784",
    "updated_at": "2026-08-23T17:01:33.104789"
   },
   {
    "id": "tongyi_20260823_165454_72805",
    "platform": "tongyi",
    "url": "https://chat.qwen.ai/c/74d4bfc4-f7e8-4240-8a7f-1177f78ae2d8",
    "title": "请用通俗的话解释一下 TCP 三次握手是什么。",
    "file": "D:\\软件\\XianRenZhangAgent\\xrz_data\\XianRenZhang_tasks\\conversations\\conv_tongyi_20260823_165454.json",
    "created_at": "2026-08-23T16:54:54.163733",
    "updated_at": "2026-08-23T16:54:54.163739"
   },
   {
    "id": "tongyi_20260823_164621_25187",
    "platform": "tongyi",
    "url": "https://chat.qwen.ai/c/74d4bfc4-f7e8-4240-8a7f-1177f78ae2d8",
    "title": "请用通俗的话解释一下 TCP 三次握手是什么。",
    "file": "D:\\软件\\XianRenZhangAgent\\xrz_data\\XianRenZhang_tasks\\conversations\\conv_tongyi_20260823_164621.json",
    "created_at": "2026-08-23T16:46:21.917448",
    "updated_at": "2026-08-23T16:46:21.917453"
   },
   {
    "id": "tongyi_20260823_163937_99979",
    "platform": "tongyi",
    "url": "https://chat.qwen.ai/c/74d4bfc4-f7e8-4240-8a7f-1177f78ae2d8",
    "title": "请用通俗的话解释一下 TCP 三次握手是什么。",
    "file": "D:\\软件\\XianRenZhangAgent\\xrz_data\\XianRenZhang_tasks\\conversations\\conv_tongyi_20260823_163937.json",
    "created_at": "2026-08-23T16:39:37.607948",
    "updated_at": "2026-08-23T16:39:37.607953"
   },
   {
    "id": "tongyi_20260823_163120_88569",
    "platform": "tongyi",
    "url": "https://chat.qwen.ai/c/74d4bfc4-f7e8-4240-8a7f-1177f78ae2d8",
    "title": "请用通俗的话解释一下 TCP 三次握手是什么。",
    "file": "D:\\软件\\XianRenZhangAgent\\xrz_data\\XianRenZhang_tasks\\conversations\\conv_tongyi_20260823_163120.json",
    "created_at": "2026-08-23T16:31:20.438339",
    "updated_at": "2026-08-23T16:31:20.438345"
   },
   {
    "id": "tongyi_20260823_162448_63243",
    "platform": "tongyi",
    "url": "https://chat.qwen.ai/c/74d4bfc4-f7e8-4240-8a7f-1177f78ae2d8",
    "title": "请用通俗的话解释一下 TCP 三次握手是什么。",
    "file": "D:\\软件\\XianRenZhangAgent\\xrz_data\\XianRenZhang_tasks\\conversations\\conv_tongyi_20260823_162448.json",
    "created_at": "2026-08-23T16:24:48.409902",
    "updated_at": "2026-08-23T16:24:48.409908"
   },
   {
    "id": "tongyi_20260823_161624_35534",
    "platform": "tongyi",
    "url": "https://chat.qwen.ai/c/74d4bfc4-f7e8-4240-8a7f-1177f78ae2d8",
    "title": "请用通俗的话解释一下 TCP 三次握手是什么。",
    "file": "D:\\软件\\XianRenZhangAgent\\xrz_data\\XianRenZhang_tasks\\conversations\\conv_tongyi_20260823_161624.json",
    "created_at": "2026-08-23T16:16:24.830485",
    "updated_at": "2026-08-23T16:16:24.830491"
   },
   {
    "id": "tongyi_20260823_160954_09869",
    "platform": "tongyi",
    "url": "https://chat.qwen.ai/c/74d4bfc4-f7e8-4240-8a7f-1177f78ae2d8",
    "title": "请用通俗的话解释一下 TCP 三次握手是什么。",
    "file": "D:\\软件\\XianRenZhangAgent\\xrz_data\\XianRenZhang_tasks\\conversations\\conv_tongyi_20260823_160954.json",
    "created_at": "2026-08-23T16:09:54.872274",
    "updated_at": "2026-08-23T16:09:54.872282"
   },
   {
    "id": "tongyi_20260823_160158_50063",
    "platform": "tongyi",
    "url": "https://chat.qwen.ai/c/74d4bfc4-f7e8-4240-8a7f-1177f78ae2d8",
    "title": "请用通俗的话解释一下 TCP 三次握手是什么。",
    "file": "D:\\软件\\XianRenZhangAgent\\xrz_data\\XianRenZhang_tasks\\conversations\\conv_tongyi_20260823_160158.json",
    "created_at": "2026-08-23T16:01:58.335246",
    "updated_at": "2026-08-23T16:01:58.335252"
   },
   {
    "id": "tongyi_20260823_155559_14328",
    "platform": "tongyi",
    "url": "https://chat.qwen.ai/c/74d4bfc4-f7e8-4240-8a7f-1177f78ae2d8",
    "title": "请用通俗的话解释一下 TCP 三次握手是什么。",
    "file": "D:\\软件\\XianRenZhangAgent\\xrz_data\\XianRenZhang_tasks\\conversations\\conv_tongyi_20260823_155559.json",
    "created_at": "2026-08-23T15:55:59.737227",
    "updated_at": "2026-08-23T15:55:59.737233"
   },
   {
    "id": "tongyi_20260823_154804_67739",
    "platform": "tongyi",
    "url": "https://chat.qwen.ai/c/74d4bfc4-f7e8-4240-8a7f-1177f78ae2d8",
    "title": "请用通俗的话解释一下 TCP 三次握手是什么。",
    "file": "D:\\软件\\XianRenZhangAgent\\xrz_data\\XianRenZhang_tasks\\conversations\\conv_tongyi_20260823_154804.json",
    "created_at": "2026-08-23T15:48:04.908814",
    "updated_at": "2026-08-23T15:48:04.908820"
   },
   {
    "id": "tongyi_20260823_154154_61034",
    "platform": "tongyi",
    "url": "https://chat.qwen.ai/c/74d4bfc4-f7e8-4240-8a7f-1177f78ae2d8",
    "title": "请用通俗的话解释一下 TCP 三次握手是什么。",
    "file": "D:\\软件\\XianRenZhangAgent\\xrz_data\\XianRenZhang_tasks\\conversations\\conv_tongyi_20260823_154154.json",
    "created_at": "2026-08-23T15:41:54.585293",
    "updated_at": "2026-08-23T15:41:54.585298"
   },
   {
    "id": "tongyi_20260823_153353_84105",
    "platform": "tongyi",
    "url": "https://chat.qwen.ai/c/74d4bfc4-f7e8-4240-8a7f-1177f78ae2d8",
    "title": "请用通俗的话解释一下 TCP 三次握手是什么。",
    "file": "D:\\软件\\XianRenZhangAgent\\xrz_data\\XianRenZhang_tasks\\conversations\\conv_tongyi_20260823_153353.json",
    "created_at": "2026-08-23T15:33:53.194933",
    "updated_at": "2026-08-23T15:33:53.194938"
   },
   {
    "id": "tongyi_20260823_152748_01137",
    "platform": "tongyi",
    "url": "https://chat.qwen.ai/c/74d4bfc4-f7e8-4240-8a7f-1177f78ae2d8",
    "title": "请用通俗的话解释一下 TCP 三次握手是什么。",
    "file": "D:\\软件\\XianRenZhangAgent\\xrz_data\\XianRenZhang_tasks\\conversations\\conv_tongyi_20260823_152748.json",
    "created_at": "2026-08-23T15:27:48.305306",
    "updated_at": "2026-08-23T15:27:48.305312"
   },
   {
    "id": "tongyi_20260823_151958_87011",
    "platform": "tongyi",
    "url": "https://chat.qwen.ai/c/74d4bfc4-f7e8-4240-8a7f-1177f78ae2d8",
    "title": "请用通俗的话解释一下 TCP 三次握手是什么。",
    "file": "D:\\软件\\XianRenZhangAgent\\xrz_data\\XianRenZhang_tasks\\conversations\\conv_tongyi_20260823_151958.json",
    "created_at": "2026-08-23T15:19:58.395173",
    "updated_at": "2026-08-23T15:19:58.395178"
   },
   {
    "id": "tongyi_20260823_151359_77655",
    "platform": "tongyi",
    "url": "https://chat.qwen.ai/c/74d4bfc4-f7e8-4240-8a7f-1177f78ae2d8",
    "title": "请用通俗的话解释一下 TCP 三次握手是什么。",
    "file": "D:\\软件\\XianRenZhangAgent\\xrz_data\\XianRenZhang_tasks\\conversations\\conv_tongyi_20260823_151359.json",
    "created_at": "2026-08-23T15:13:59.616981",
    "updated_at": "2026-08-23T15:13:59.616986"
   },
   {
    "id": "tongyi_20260823_150611_39994",
    "platform": "tongyi",
    "url": "https://chat.qwen.ai/c/74d4bfc4-f7e8-4240-8a7f-1177f78ae2d8",
    "title": "请用通俗的话解释一下 TCP 三次握手是什么。",
    "file": "D:\\软件\\XianRenZhangAgent\\xrz_data\\XianRenZhang_tasks\\conversations\\conv_tongyi_20260823_150611.json",
    "created_at": "2026-08-23T15:06:11.997998",
    "updated_at": "2026-08-23T15:06:11.998004"
   },
   {
    "id": "tongyi_20260823_150014_72302",
    "platform": "tongyi",
    "url": "https://chat.qwen.ai/c/74d4bfc4-f7e8-4240-8a7f-1177f78ae2d8",
    "title": "请用通俗的话解释一下 TCP 三次握手是什么。",
    "file": "D:\\软件\\XianRenZhangAgent\\xrz_data\\XianRenZhang_tasks\\conversations\\conv_tongyi_20260823_150014.json",
    "created_at": "2026-08-23T15:00:14.222827",
    "updated_at": "2026-08-23T15:00:14.222833"
   },
   {
    "id": "tongyi_20260823_145227_68840",
    "platform": "tongyi",
    "url": "https://chat.qwen.ai/c/74d4bfc4-f7e8-4240-8a7f-1177f78ae2d8",
    "title": "请用通俗的话解释一下 TCP 三次握手是什么。",
    "file": "D:\\软件\\XianRenZhangAgent\\xrz_data\\XianRenZhang_tasks\\conversations\\conv_tongyi_20260823_145227.json",
    "created_at": "2026-08-23T14:52:27.069509",
    "updated_at": "2026-08-23T14:52:27.069515"
   },
   {
    "id": "tongyi_20260823_144638_30298",
    "platform": "tongyi",
    "url": "https://chat.qwen.ai/c/74d4bfc4-f7e8-4240-8a7f-1177f78ae2d8",
    "title": "请用通俗的话解释一下 TCP 三次握手是什么。",
    "file": "D:\\软件\\XianRenZhangAgent\\xrz_data\\XianRenZhang_tasks\\conversations\\conv_tongyi_20260823_144638.json",
    "created_at": "2026-08-23T14:46:38.625479",
    "updated_at": "2026-08-23T14:46:38.625485"
   },
   {
    "id": "tongyi_20260823_143859_67214",
    "platform": "tongyi",
    "url": "https://chat.qwen.ai/c/74d4bfc4-f7e8-4240-8a7f-1177f78ae2d8",
    "title": "请用通俗的话解释一下 TCP 三次握手是什么。",
    "file": "D:\\软件\\XianRenZhangAgent\\xrz_data\\XianRenZhang_tasks\\conversations\\conv_tongyi_20260823_143859.json",
    "created_at": "2026-08-23T14:38:59.320040",
    "updated_at": "2026-08-23T14:38:59.320046"
   },
   {
    "id": "tongyi_20260823_143314_83492",
    "platform": "tongyi",
    "url": "https://chat.qwen.ai/c/74d4bfc4-f7e8-4240-8a7f-1177f78ae2d8",
    "title": "请用通俗的话解释一下 TCP 三次握手是什么。",
    "file": "D:\\软件\\XianRenZhangAgent\\xrz_data\\XianRenZhang_tasks\\conversations\\conv_tongyi_20260823_143314.json",
    "created_at": "2026-08-23T14:33:14.614070",
    "updated_at": "2026-08-23T14:33:14.614075"
   },
   {
    "id": "tongyi_20260823_142537_14192",
    "platform": "tongyi",
    "url": "https://chat.qwen.ai/c/74d4bfc4-f7e8-4240-8a7f-1177f78ae2d8",
    "title": "请用通俗的话解释一下 TCP 三次握手是什么。",
    "file": "D:\\软件\\XianRenZhangAgent\\xrz_data\\XianRenZhang_tasks\\conversations\\conv_tongyi_20260823_142537.json",
    "created_at": "2026-08-23T14:25:37.320123",
    "updated_at": "2026-08-23T14:25:37.320132"
   },
   {
    "id": "tongyi_20260823_141957_59020",
    "platform": "tongyi",
    "url": "https://chat.qwen.ai/c/74d4bfc4-f7e8-4240-8a7f-1177f78ae2d8",
    "title": "请用通俗的话解释一下 TCP 三次握手是什么。",
    "file": "D:\\软件\\XianRenZhangAgent\\xrz_data\\XianRenZhang_tasks\\conversations\\conv_tongyi_20260823_141957.json",
    "created_at": "2026-08-23T14:19:57.090821",
    "updated_at": "2026-08-23T14:19:57.090827"
   },
   {
    "id": "tongyi_20260823_141225_71332",
    "platform": "tongyi",
    "url": "https://chat.qwen.ai/c/74d4bfc4-f7e8-4240-8a7f-1177f78ae2d8",
    "title": "请用通俗的话解释一下 TCP 三次握手是什么。",
    "file": "D:\\软件\\XianRenZhangAgent\\xrz_data\\XianRenZhang_tasks\\conversations\\conv_tongyi_20260823_141223.json",
    "created_at": "2026-08-23T14:12:25.754036",
    "updated_at": "2026-08-23T14:12:25.754045"
   },
   {
    "id": "tongyi_20260823_140650_64312",
    "platform": "tongyi",
    "url": "https://chat.qwen.ai/c/74d4bfc4-f7e8-4240-8a7f-1177f78ae2d8",
    "title": "请用通俗的话解释一下 TCP 三次握手是什么。",
    "file": "D:\\软件\\XianRenZhangAgent\\xrz_data\\XianRenZhang_tasks\\conversations\\conv_tongyi_20260823_140648.json",
    "created_at": "2026-08-23T14:06:50.114314",
    "updated_at": "2026-08-23T14:06:50.114321"
   },
   {
    "id": "tongyi_20260823_135921_35947",
    "platform": "tongyi",
    "url": "https://chat.qwen.ai/c/74d4bfc4-f7e8-4240-8a7f-1177f78ae2d8",
    "title": "请用通俗的话解释一下 TCP 三次握手是什么。",
    "file": "D:\\软件\\XianRenZhangAgent\\xrz_data\\XianRenZhang_tasks\\conversations\\conv_tongyi_20260823_135919.json",
    "created_at": "2026-08-23T13:59:21.494016",
    "updated_at": "2026-08-23T13:59:21.494025"
   },
   {
    "id": "tongyi_20260823_135345_01165",
    "platform": "tongyi",
    "url": "https://chat.qwen.ai/c/74d4bfc4-f7e8-4240-8a7f-1177f78ae2d8",
    "title": "请用通俗的话解释一下 TCP 三次握手是什么。",
    "file": "D:\\软件\\XianRenZhangAgent\\xrz_data\\XianRenZhang_tasks\\conversations\\conv_tongyi_20260823_135343.json",
    "created_at": "2026-08-23T13:53:45.749207",
    "updated_at": "2026-08-23T13:53:45.749215"
   },
   {
    "id": "tongyi_20260823_134616_30896",
    "platform": "tongyi",
    "url": "https://chat.qwen.ai/c/74d4bfc4-f7e8-4240-8a7f-1177f78ae2d8",
    "title": "请用通俗的话解释一下 TCP 三次握手是什么。",
    "file": "D:\\软件\\XianRenZhangAgent\\xrz_data\\XianRenZhang_tasks\\conversations\\conv_tongyi_20260823_134614.json",
    "created_at": "2026-08-23T13:46:16.789031",
    "updated_at": "2026-08-23T13:46:16.789037"
   },
   {
    "id": "tongyi_20260823_134047_82881",
    "platform": "tongyi",
    "url": "https://chat.qwen.ai/c/74d4bfc4-f7e8-4240-8a7f-1177f78ae2d8",
    "title": "请用通俗的话解释一下 TCP 三次握手是什么。",
    "file": "D:\\软件\\XianRenZhangAgent\\xrz_data\\XianRenZhang_tasks\\conversations\\conv_tongyi_20260823_134045.json",
    "created_at": "2026-08-23T13:40:47.219193",
    "updated_at": "2026-08-23T13:40:47.219198"
   },
   {
    "id": "tongyi_20260823_133327_96700",
    "platform": "tongyi",
    "url": "https://chat.qwen.ai/c/74d4bfc4-f7e8-4240-8a7f-1177f78ae2d8",
    "title": "请用通俗的话解释一下 TCP 三次握手是什么。",
    "file": "D:\\软件\\XianRenZhangAgent\\xrz_data\\XianRenZhang_tasks\\conversations\\conv_tongyi_20260823_133325.json",
    "created_at": "2026-08-23T13:33:27.862174",
    "updated_at": "2026-08-23T13:33:27.862181"
   },
   {
    "id": "tongyi_20260823_132806_88930",
    "platform": "tongyi",
    "url": "https://chat.qwen.ai/c/74d4bfc4-f7e8-4240-8a7f-1177f78ae2d8",
    "title": "请用通俗的话解释一下 TCP 三次握手是什么。",
    "file": "D:\\软件\\XianRenZhangAgent\\xrz_data\\XianRenZhang_tasks\\conversations\\conv_tongyi_20260823_132804.json",
    "created_at": "2026-08-23T13:28:06.846130",
    "updated_at": "2026-08-23T13:28:06.846142"
   },
   {
    "id": "tongyi_20260823_132051_69625",
    "platform": "tongyi",
    "url": "https://chat.qwen.ai/c/74d4bfc4-f7e8-4240-8a7f-1177f78ae2d8",
    "title": "请用通俗的话解释一下 TCP 三次握手是什么。",
    "file": "D:\\软件\\XianRenZhangAgent\\xrz_data\\XianRenZhang_tasks\\conversations\\conv_tongyi_20260823_132049.json",
    "created_at": "2026-08-23T13:20:51.740509",
    "updated_at": "2026-08-23T13:20:51.740515"
   },
   {
    "id": "tongyi_20260823_131536_73765",
    "platform": "tongyi",
    "url": "https://chat.qwen.ai/c/74d4bfc4-f7e8-4240-8a7f-1177f78ae2d8",
    "title": "请用通俗的话解释一下 TCP 三次握手是什么。",
    "file": "D:\\软件\\XianRenZhangAgent\\xrz_data\\XianRenZhang_tasks\\conversations\\conv_tongyi_20260823_131534.json",
    "created_at": "2026-08-23T13:15:36.910468",
    "updated_at": "2026-08-23T13:15:36.910476"
   },
   {
    "id": "tongyi_20260823_130803_96449",
    "platform": "tongyi",
    "url": "https://chat.qwen.ai/c/74d4bfc4-f7e8-4240-8a7f-1177f78ae2d8",
    "title": "请用通俗的话解释一下 TCP 三次握手是什么。",
    "file": "D:\\软件\\XianRenZhangAgent\\xrz_data\\XianRenZhang_tasks\\conversations\\conv_tongyi_20260823_130801.json",
    "created_at": "2026-08-23T13:08:03.133237",
    "updated_at": "2026-08-23T13:08:03.133244"
   },
   {
    "id": "deepseek_20260823_130504_68876",
    "platform": "deepseek",
    "url": "https://chat.deepseek.com/a/chat/s/569d48ec-b192-4729-9af5-c935584a26d4",
    "title": "请生成一份 Word 报告，保存到 D:\\软件\\XianRenZhangAgent\\test_output\\report.docx，标题为《仙人掌 Agent 自测报告》，下面包含3个小节：一、功能概览；二、测试结论；三、下一步计划。",
    "file": "D:\\软件\\XianRenZhangAgent\\xrz_data\\XianRenZhang_tasks\\conversations\\conv_deepseek_20260823_130504.json",
    "created_at": "2026-08-23T13:05:04.171811",
    "updated_at": "2026-08-23T13:05:04.562277"
   },
   {
    "id": "deepseek_20260823_130308_47162",
    "platform": "deepseek",
    "url": "https://chat.deepseek.com/a/chat/s/4a4733ac-3696-429e-8878-df351a8e7410",
    "title": "请生成一份 Word 报告，保存到 D:\\软件\\XianRenZhangAgent\\test_output\\report.docx，标题为《仙人掌 Agent 自测报告》，下面包含3个小节：一、功能概览；二、测试结论；三、下一步计划。",
    "file": "D:\\软件\\XianRenZhangAgent\\xrz_data\\XianRenZhang_tasks\\conversations\\conv_deepseek_20260823_130308.json",
    "created_at": "2026-08-23T13:03:08.185152",
    "updated_at": "2026-08-23T13:03:08.185158"
   },
   {
    "id": "deepseek_20260823_130247_80037",
    "platform": "deepseek",
    "url": "https://chat.deepseek.com/a/chat/s/4a4733ac-3696-429e-8878-df351a8e7410",
    "title": "请生成一份 Word 报告，保存到 D:\\软件\\XianRenZhangAgent\\test_output\\report.docx，标题为《仙人掌 Agent 自测报告》，下面包含3个小节：一、功能概览；二、测试结论；三、下一步计划。",
    "file": "D:\\软件\\XianRenZhangAgent\\xrz_data\\XianRenZhang_tasks\\conversations\\conv_deepseek_20260823_130246.json",
    "created_at": "2026-08-23T13:02:47.014065",
    "updated_at": "2026-08-23T13:02:47.014073"
   },
   {
    "id": "deepseek_20260823_130214_30777",
    "platform": "deepseek",
    "url": "https://chat.deepseek.com/a/chat/s/4a4733ac-3696-429e-8878-df351a8e7410",
    "title": "请生成一份 Word 报告，保存到 D:\\软件\\XianRenZhangAgent\\test_output\\report.docx，标题为《仙人掌 Agent 自测报告》，下面包含3个小节：一、功能概览；二、测试结论；三、下一步计划。",
    "file": "D:\\软件\\XianRenZhangAgent\\xrz_data\\XianRenZhang_tasks\\conversations\\conv_deepseek_20260823_130214.json",
    "created_at": "2026-08-23T13:02:14.583040",
    "updated_at": "2026-08-23T13:02:14.583061"
   },
   {
    "id": "deepseek_20260823_125807_84623",
    "platform": "deepseek",
    "url": "https://chat.deepseek.com/a/chat/s/bc112a09-0aff-4d10-901b-fbe6a335daba",
    "title": "请生成一份 Word 报告，保存到 D:\\软件\\XianRenZhangAgent\\test_output\\report.docx，标题为《仙人掌 Agent 自测报告》，下面包含3个小节：一、功能概览；二、测试结论；三、下一步计划。",
    "file": "D:\\软件\\XianRenZhangAgent\\xrz_data\\XianRenZhang_tasks\\conversations\\conv_deepseek_20260823_125807.json",
    "created_at": "2026-08-23T12:58:07.541719",
    "updated_at": "2026-08-23T12:58:08.079260"
   },
   {
    "id": "deepseek_20260823_124948_93669",
    "platform": "deepseek",
    "url": "https://chat.deepseek.com/a/chat/s/67716cbe-a290-41a2-a013-3510469f20bd",
    "title": "请生成一份 Word 报告，保存到 D:\\软件\\XianRenZhangAgent\\test_output\\report.docx，标题为《仙人掌 Agent 自测报告》，下面包含3个小节：一、功能概览；二、测试结论；三、下一步计划。",
    "file": "D:\\软件\\XianRenZhangAgent\\xrz_data\\XianRenZhang_tasks\\conversations\\conv_deepseek_20260823_124948.json",
    "created_at": "2026-08-23T12:49:48.287434",
    "updated_at": "2026-08-23T12:49:48.287438"
   },
   {
    "id": "deepseek_20260823_124929_75980",
    "platform": "deepseek",
    "url": "https://chat.deepseek.com/a/chat/s/67716cbe-a290-41a2-a013-3510469f20bd",
    "title": "请生成一份 Word 报告，保存到 D:\\软件\\XianRenZhangAgent\\test_output\\report.docx，标题为《仙人掌 Agent 自测报告》，下面包含3个小节：一、功能概览；二、测试结论；三、下一步计划。",
    "file": "D:\\软件\\XianRenZhangAgent\\xrz_data\\XianRenZhang_tasks\\conversations\\conv_deepseek_20260823_124929.json",
    "created_at": "2026-08-23T12:49:29.053835",
    "updated_at": "2026-08-23T12:49:29.053841"
   },
   {
    "id": "deepseek_20260823_124918_26379",
    "platform": "deepseek",
    "url": "https://chat.deepseek.com/a/chat/s/67716cbe-a290-41a2-a013-3510469f20bd",
    "title": "请生成一份 Word 报告，保存到 D:\\软件\\XianRenZhangAgent\\test_output\\report.docx，标题为《仙人掌 Agent 自测报告》，下面包含3个小节：一、功能概览；二、测试结论；三、下一步计划。",
    "file": "D:\\软件\\XianRenZhangAgent\\xrz_data\\XianRenZhang_tasks\\conversations\\conv_deepseek_20260823_124918.json",
    "created_at": "2026-08-23T12:49:18.426714",
    "updated_at": "2026-08-23T12:49:18.426718"
   },
   {
    "id": "deepseek_20260823_124900_94784",
    "platform": "deepseek",
    "url": "https://chat.deepseek.com/a/chat/s/67716cbe-a290-41a2-a013-3510469f20bd",
    "title": "请生成一份 Word 报告，保存到 D:\\软件\\XianRenZhangAgent\\test_output\\report.docx，标题为《仙人掌 Agent 自测报告》，下面包含3个小节：一、功能概览；二、测试结论；三、下一步计划。",
    "file": "D:\\软件\\XianRenZhangAgent\\xrz_data\\XianRenZhang_tasks\\conversations\\conv_deepseek_20260823_124900.json",
    "created_at": "2026-08-23T12:49:00.447965",
    "updated_at": "2026-08-23T12:49:00.447970"
   },
   {
    "id": "deepseek_20260823_124841_64070",
    "platform": "deepseek",
    "url": "https://chat.deepseek.com/a/chat/s/67716cbe-a290-41a2-a013-3510469f20bd",
    "title": "请生成一份 Word 报告，保存到 D:\\软件\\XianRenZhangAgent\\test_output\\report.docx，标题为《仙人掌 Agent 自测报告》，下面包含3个小节：一、功能概览；二、测试结论；三、下一步计划。",
    "file": "D:\\软件\\XianRenZhangAgent\\xrz_data\\XianRenZhang_tasks\\conversations\\conv_deepseek_20260823_124841.json",
    "created_at": "2026-08-23T12:48:41.333602",
    "updated_at": "2026-08-23T12:48:41.333629"
   },
   {
    "id": "deepseek_20260823_124757_52880",
    "platform": "deepseek",
    "url": "https://chat.deepseek.com/a/chat/s/abca01be-c6e6-49c9-9464-df3247c22643",
    "title": "请生成一份 Word 报告，保存到 D:\\软件\\XianRenZhangAgent\\test_output\\report.docx，标题为《仙人掌 Agent 自测报告》，下面包含3个小节：一、功能概览；二、测试结论；三、下一步计划。",
    "file": "D:\\软件\\XianRenZhangAgent\\xrz_data\\XianRenZhang_tasks\\conversations\\conv_deepseek_20260823_124757.json",
    "created_at": "2026-08-23T12:47:57.410858",
    "updated_at": "2026-08-23T12:47:57.410864"
   },
   {
    "id": "tongyi_20260823_124623_62844",
    "platform": "tongyi",
    "url": "https://chat.qwen.ai/c/9a47fd61-9eaf-48a8-9aec-d881090e4c59",
    "title": "请用通俗的话解释一下 TCP 三次握手是什么。",
    "file": "D:\\软件\\XianRenZhangAgent\\xrz_data\\XianRenZhang_tasks\\conversations\\conv_tongyi_20260823_124623.json",
    "created_at": "2026-08-23T12:46:23.053574",
    "updated_at": "2026-08-23T12:46:23.053586"
   },
   {
    "id": "tongyi_20260823_124056_25416",
    "platform": "tongyi",
    "url": "https://chat.qwen.ai/c/8db38552-04dd-4bf1-b201-d6be6da05a69",
    "title": "请用通俗的话解释一下 TCP 三次握手是什么。",
    "file": "D:\\软件\\XianRenZhangAgent\\xrz_data\\XianRenZhang_tasks\\conversations\\conv_tongyi_20260823_124056.json",
    "created_at": "2026-08-23T12:40:56.435174",
    "updated_at": "2026-08-23T12:40:56.435195"
   },
   {
    "id": "deepseek_20260823_123710_41737",
    "platform": "deepseek",
    "url": "https://chat.deepseek.com/a/chat/s/4317f847-fb03-4eb4-a302-490619f158e2",
    "title": "请生成一份 Word 报告，保存到 D:\\软件\\XianRenZhangAgent\\test_output\\report.docx，标题为《仙人掌 Agent 自测报告》，下面包含3个小节：一、功能概览；二、测试结论；三、下一步计划。",
    "file": "D:\\软件\\XianRenZhangAgent\\xrz_data\\XianRenZhang_tasks\\conversations\\conv_deepseek_20260823_123710.json",
    "created_at": "2026-08-23T12:37:10.954392",
    "updated_at": "2026-08-23T12:37:10.954404"
   },
   {
    "id": "deepseek_20260823_123503_81115",
    "platform": "deepseek",
    "url": "https://chat.deepseek.com/a/chat/s/35bedfb4-680d-4b8f-83fe-131b4ad5dfe4",
    "title": "请生成一份 Word 报告，保存到 D:\\软件\\XianRenZhangAgent\\test_output\\report.docx，标题为《仙人掌 Agent 自测报告》，下面包含3个小节：一、功能概览；二、测试结论；三、下一步计划。",
    "file": "D:\\软件\\XianRenZhangAgent\\xrz_data\\XianRenZhang_tasks\\conversations\\conv_deepseek_20260823_123503.json",
    "created_at": "2026-08-23T12:35:03.618086",
    "updated_at": "2026-08-23T12:35:03.618096"
   },
   {
    "id": "tongyi_20260823_112813_75142",
    "platform": "tongyi",
    "url": "https://chat.qwen.ai/c/43b168cd-bc80-4cb5-97de-20e39391f3ed",
    "title": "请用通俗的话解释一下 TCP 三次握手是什么。",
    "file": "D:\\软件\\XianRenZhangAgent\\xrz_data\\XianRenZhang_tasks\\conversations\\conv_tongyi_20260823_112813.json",
    "created_at": "2026-08-23T11:28:13.434429",
    "updated_at": "2026-08-23T11:28:13.434436"
   },
   {
    "id": "tongyi_20260823_112450_17066",
    "platform": "tongyi",
    "url": "https://chat.qwen.ai/c/43b168cd-bc80-4cb5-97de-20e39391f3ed",
    "title": "请用通俗的话解释一下 TCP 三次握手是什么。",
    "file": "D:\\软件\\XianRenZhangAgent\\xrz_data\\XianRenZhang_tasks\\conversations\\conv_tongyi_20260823_112450.json",
    "created_at": "2026-08-23T11:24:50.265295",
    "updated_at": "2026-08-23T11:24:50.265300"
   },
   {
    "id": "deepseek_20260823_111953_18413",
    "platform": "deepseek",
    "url": "https://chat.deepseek.com/a/chat/s/cb2fc97a-dcc4-4273-b8dc-5428e67ceb06",
    "title": "请生成一份 Word 报告，保存到 D:\\软件\\XianRenZhangAgent\\test_output\\report.docx，标题为《仙人掌 Agent 自测报告》，下面包含3个小节：一、功能概览；二、测试结论；三、下一步计划。",
    "file": "D:\\软件\\XianRenZhangAgent\\xrz_data\\XianRenZhang_tasks\\conversations\\conv_deepseek_20260823_111953.json",
    "created_at": "2026-08-23T11:19:53.316182",
    "updated_at": "2026-08-23T11:19:53.316187"
   },
   {
    "id": "deepseek_20260823_111919_95878",
    "platform": "deepseek",
    "url": "https://chat.deepseek.com/a/chat/s/cb2fc97a-dcc4-4273-b8dc-5428e67ceb06",
    "title": "请生成一份 Word 报告，保存到 D:\\软件\\XianRenZhangAgent\\test_output\\report.docx，标题为《仙人掌 Agent 自测报告》，下面包含3个小节：一、功能概览；二、测试结论；三、下一步计划。",
    "file": "D:\\软件\\XianRenZhangAgent\\xrz_data\\XianRenZhang_tasks\\conversations\\conv_deepseek_20260823_111919.json",
    "created_at": "2026-08-23T11:19:19.114321",
    "updated_at": "2026-08-23T11:19:19.114343"
   },
   {
    "id": "deepseek_20260823_111846_32886",
    "platform": "deepseek",
    "url": "https://chat.deepseek.com/a/chat/s/cb2fc97a-dcc4-4273-b8dc-5428e67ceb06",
    "title": "请生成一份 Word 报告，保存到 D:\\软件\\XianRenZhangAgent\\test_output\\report.docx，标题为《仙人掌 Agent 自测报告》，下面包含3个小节：一、功能概览；二、测试结论；三、下一步计划。",
    "file": "D:\\软件\\XianRenZhangAgent\\xrz_data\\XianRenZhang_tasks\\conversations\\conv_deepseek_20260823_111846.json",
    "created_at": "2026-08-23T11:18:46.975208",
    "updated_at": "2026-08-23T11:18:46.975221"
   },
   {
    "id": "deepseek_20260823_111812_53236",
    "platform": "deepseek",
    "url": "https://chat.deepseek.com/a/chat/s/cb2fc97a-dcc4-4273-b8dc-5428e67ceb06",
    "title": "请生成一份 Word 报告，保存到 D:\\软件\\XianRenZhangAgent\\test_output\\report.docx，标题为《仙人掌 Agent 自测报告》，下面包含3个小节：一、功能概览；二、测试结论；三、下一步计划。",
    "file": "D:\\软件\\XianRenZhangAgent\\xrz_data\\XianRenZhang_tasks\\conversations\\conv_deepseek_20260823_111812.json",
    "created_at": "2026-08-23T11:18:12.564003",
    "updated_at": "2026-08-23T11:18:12.564009"
   },
   {
    "id": "deepseek_20260823_111735_13656",
    "platform": "deepseek",
    "url": "https://chat.deepseek.com/a/chat/s/cb2fc97a-dcc4-4273-b8dc-5428e67ceb06",
    "title": "请生成一份 Word 报告，保存到 D:\\软件\\XianRenZhangAgent\\test_output\\report.docx，标题为《仙人掌 Agent 自测报告》，下面包含3个小节：一、功能概览；二、测试结论；三、下一步计划。",
    "file": "D:\\软件\\XianRenZhangAgent\\xrz_data\\XianRenZhang_tasks\\conversations\\conv_deepseek_20260823_111734.json",
    "created_at": "2026-08-23T11:17:35.051977",
    "updated_at": "2026-08-23T11:17:35.051993"
   },
   {
    "id": "deepseek_20260823_111701_66825",
    "platform": "deepseek",
    "url": "https://chat.deepseek.com/a/chat/s/cb2fc97a-dcc4-4273-b8dc-5428e67ceb06",
    "title": "请生成一份 Word 报告，保存到 D:\\软件\\XianRenZhangAgent\\test_output\\report.docx，标题为《仙人掌 Agent 自测报告》，下面包含3个小节：一、功能概览；二、测试结论；三、下一步计划。",
    "file": "D:\\软件\\XianRenZhangAgent\\xrz_data\\XianRenZhang_tasks\\conversations\\conv_deepseek_20260823_111701.json",
    "created_at": "2026-08-23T11:17:01.885689",
    "updated_at": "2026-08-23T11:17:01.885695"
   },
   {
    "id": "deepseek_20260823_111620_05342",
    "platform": "deepseek",
    "url": "https://chat.deepseek.com/a/chat/s/45b1f5dc-5139-485c-b62b-562bc1a2efd3",
    "title": "请生成一份 Word 报告，保存到 D:\\软件\\XianRenZhangAgent\\test_output\\report.docx，标题为《仙人掌 Agent 自测报告》，下面包含3个小节：一、功能概览；二、测试结论；三、下一步计划。",
    "file": "D:\\软件\\XianRenZhangAgent\\xrz_data\\XianRenZhang_tasks\\conversations\\conv_deepseek_20260823_111620.json",
    "created_at": "2026-08-23T11:16:20.855085",
    "updated_at": "2026-08-23T11:16:20.855097"
   },
   {
    "id": "deepseek_20260816_081948_67722",
    "platform": "deepseek",
    "url": "https://chat.deepseek.com/a/chat/s/2af1282a-814f-4cea-9028-920e79bcbbd2",
    "title": "理解这个PDF的内容，在桌面创建一个文件夹，生成一个word报告",
    "file": "D:\\软件\\XianRenZhangAgent\\xrz_data\\XianRenZhang_tasks\\conversations\\conv_deepseek_20260816_081948.json",
    "created_at": "2026-08-16T08:19:48.863181",
    "updated_at": "2026-08-16T08:19:48.863199"
   },
   {
    "id": "tongyi_20260815_180222_29536",
    "platform": "tongyi",
    "url": "https://chat.qwen.ai/",
    "title": "请用通俗的话解释一下 TCP 三次握手是什么。",
    "file": "D:\\软件\\XianRenZhangAgent\\xrz_data\\XianRenZhang_tasks\\conversations\\conv_tongyi_20260815_180222.json",
    "created_at": "2026-08-15T18:02:22.595022",
    "updated_at": "2026-08-15T18:02:22.892624"
   },
   {
    "id": "tongyi_20260815_180218_56669",
    "platform": "tongyi",
    "url": "https://chat.qwen.ai/",
    "title": "请用通俗的话解释一下 TCP 三次握手是什么。",
    "file": "D:\\软件\\XianRenZhangAgent\\xrz_data\\XianRenZhang_tasks\\conversations\\conv_tongyi_20260815_180218.json",
    "created_at": "2026-08-15T18:02:18.253403",
    "updated_at": "2026-08-15T18:02:18.253424"
   },
   {
    "id": "deepseek_20260815_180001_99050",
    "platform": "deepseek",
    "url": "https://chat.deepseek.com/a/chat/s/ce636cec-ef84-4f50-95ad-2f994a627e33",
    "title": "请生成一份 Word 报告，保存到 C:\\Users\\X.LAPTOP-CA1GJQE3\\Desktop\\test\\report.docx，标题为《仙人掌 Agent 自测报告》，下面包含3个小节：一、功能概览；二、测试结论；三、下一步计划。",
    "file": "D:\\软件\\XianRenZhangAgent\\xrz_data\\XianRenZhang_tasks\\conversations\\conv_deepseek_20260815_180001.json",
    "created_at": "2026-08-15T18:00:01.643500",
    "updated_at": "2026-08-15T18:00:01.643524"
   },
   {
    "id": "deepseek_20260815_180000_83266",
    "platform": "deepseek",
    "url": "https://chat.deepseek.com/a/chat/s/ce636cec-ef84-4f50-95ad-2f994a627e33",
    "title": "请生成一份 Word 报告，保存到 C:\\Users\\X.LAPTOP-CA1GJQE3\\Desktop\\test\\report.docx，标题为《仙人掌 Agent 自测报告》，下面包含3个小节：一、功能概览；二、测试结论；三、下一步计划。",
    "file": "D:\\软件\\XianRenZhangAgent\\xrz_data\\XianRenZhang_tasks\\conversations\\conv_deepseek_20260815_180000.json",
    "created_at": "2026-08-15T18:00:00.395826",
    "updated_at": "2026-08-15T18:00:00.395849"
   },
   {
    "id": "deepseek_20260815_175852_63852",
    "platform": "deepseek",
    "url": "https://chat.deepseek.com/a/chat/s/ce636cec-ef84-4f50-95ad-2f994a627e33",
    "title": "请生成一份 Word 报告，保存到 C:\\Users\\X.LAPTOP-CA1GJQE3\\Desktop\\test\\report.docx，标题为《仙人掌 Agent 自测报告》，下面包含3个小节：一、功能概览；二、测试结论；三、下一步计划。",
    "file": "D:\\软件\\XianRenZhangAgent\\xrz_data\\XianRenZhang_tasks\\conversations\\conv_deepseek_20260815_175851.json",
    "created_at": "2026-08-15T17:58:52.091660",
    "updated_at": "2026-08-15T17:58:52.091683"
   },
   {
    "id": "deepseek_20260815_175811_82713",
    "platform": "deepseek",
    "url": "https://chat.deepseek.com/a/chat/s/ce636cec-ef84-4f50-95ad-2f994a627e33",
    "title": "请生成一份 Word 报告，保存到 C:\\Users\\X.LAPTOP-CA1GJQE3\\Desktop\\test\\report.docx，标题为《仙人掌 Agent 自测报告》，下面包含3个小节：一、功能概览；二、测试结论；三、下一步计划。",
    "file": "D:\\软件\\XianRenZhangAgent\\xrz_data\\XianRenZhang_tasks\\conversations\\conv_deepseek_20260815_175811.json",
    "created_at": "2026-08-15T17:58:11.908956",
    "updated_at": "2026-08-15T17:58:11.908977"
   },
   {
    "id": "deepseek_20260815_175649_68472",
    "platform": "deepseek",
    "url": "https://chat.deepseek.com/a/chat/s/28c3cef4-6016-485e-ae00-834fa002b6a8",
    "title": "请生成一份 Word 报告，保存到 C:\\Users\\X.LAPTOP-CA1GJQE3\\Desktop\\test\\report.docx，标题为《仙人掌 Agent 自测报告》，下面包含3个小节：一、功能概览；二、测试结论；三、下一步计划。",
    "file": "D:\\软件\\XianRenZhangAgent\\xrz_data\\XianRenZhang_tasks\\conversations\\conv_deepseek_20260815_175649.json",
    "created_at": "2026-08-15T17:56:49.915613",
    "updated_at": "2026-08-15T17:56:49.915637"
   },
   {
    "id": "deepseek_20260815_175522_30208",
    "platform": "deepseek",
    "url": "https://chat.deepseek.com/a/chat/s/28c3cef4-6016-485e-ae00-834fa002b6a8",
    "title": "请生成一份 Word 报告，保存到 C:\\Users\\X.LAPTOP-CA1GJQE3\\Desktop\\test\\report.docx，标题为《仙人掌 Agent 自测报告》，下面包含3个小节：一、功能概览；二、测试结论；三、下一步计划。",
    "file": "D:\\软件\\XianRenZhangAgent\\xrz_data\\XianRenZhang_tasks\\conversations\\conv_deepseek_20260815_175522.json",
    "created_at": "2026-08-15T17:55:22.969180",
    "updated_at": "2026-08-15T17:55:22.969207"
   },
   {
    "id": "deepseek_20260815_174159_38989",
    "platform": "deepseek",
    "url": "https://chat.deepseek.com/a/chat/s/fedbe6da-dc3f-488e-9726-04b468dfcc36",
    "title": "请生成一份 Word 报告，保存到 C:\\Users\\X.LAPTOP-CA1GJQE3\\Desktop\\test\\report.docx，标题为《仙人掌 Agent 自测报告》，下面包含3个小节：一、功能概览；二、测试结论；三、下一步计划。",
    "file": "D:\\软件\\XianRenZhangAgent\\xrz_data\\XianRenZhang_tasks\\conversations\\conv_deepseek_20260815_174158.json",
    "created_at": "2026-08-15T17:41:59.124805",
    "updated_at": "2026-08-15T17:41:59.124837"
   },
   {
    "id": "tongyi_20260815_173156_99869",
    "platform": "tongyi",
    "url": "https://chat.qwen.ai/c/07e82b71-74dd-40cb-84a0-c2f36f6740d2",
    "title": "请用通俗的话解释一下 TCP 三次握手是什么。",
    "file": "D:\\软件\\XianRenZhangAgent\\xrz_data\\XianRenZhang_tasks\\conversations\\conv_tongyi_20260815_173156.json",
    "created_at": "2026-08-15T17:31:56.419999",
    "updated_at": "2026-08-15T17:31:56.420024"
   },
   {
    "id": "tongyi_20260815_172535_92054",
    "platform": "tongyi",
    "url": "https://chat.qwen.ai/c/07e82b71-74dd-40cb-84a0-c2f36f6740d2",
    "title": "请用通俗的话解释一下 TCP 三次握手是什么。",
    "file": "D:\\软件\\XianRenZhangAgent\\xrz_data\\XianRenZhang_tasks\\conversations\\conv_tongyi_20260815_172534.json",
    "created_at": "2026-08-15T17:25:35.067397",
    "updated_at": "2026-08-15T17:25:35.067421"
   },
   {
    "id": "tongyi_20260815_172306_74746",
    "platform": "tongyi",
    "url": "https://chat.qwen.ai/c/07e82b71-74dd-40cb-84a0-c2f36f6740d2",
    "title": "请用通俗的话解释一下 TCP 三次握手是什么。",
    "file": "D:\\软件\\XianRenZhangAgent\\xrz_data\\XianRenZhang_tasks\\conversations\\conv_tongyi_20260815_172306.json",
    "created_at": "2026-08-15T17:23:06.604791",
    "updated_at": "2026-08-15T17:23:06.604807"
   },
   {
    "id": "deepseek_20260815_171628_20997",
    "platform": "deepseek",
    "url": "https://chat.deepseek.com/a/chat/s/df1441b3-9cb9-43f8-b97e-619195403136",
    "title": "请阅读我附加的 PDF 文件，并用 200 字左右写出它的内容摘要。",
    "file": "D:\\软件\\XianRenZhangAgent\\xrz_data\\XianRenZhang_tasks\\conversations\\conv_deepseek_20260815_171628.json",
    "created_at": "2026-08-15T17:16:28.117462",
    "updated_at": "2026-08-15T17:16:28.117488"
   },
   {
    "id": "deepseek_20260815_171436_16032",
    "platform": "deepseek",
    "url": "https://chat.deepseek.com/a/chat/s/df1441b3-9cb9-43f8-b97e-619195403136",
    "title": "请阅读我附加的 PDF 文件，并用 200 字左右写出它的内容摘要。",
    "file": "D:\\软件\\XianRenZhangAgent\\xrz_data\\XianRenZhang_tasks\\conversations\\conv_deepseek_20260815_171436.json",
    "created_at": "2026-08-15T17:14:36.461159",
    "updated_at": "2026-08-15T17:14:36.461189"
   },
   {
    "id": "deepseek_20260815_171331_58756",
    "platform": "deepseek",
    "url": "https://chat.deepseek.com/a/chat/s/df1441b3-9cb9-43f8-b97e-619195403136",
    "title": "请阅读我附加的 PDF 文件，并用 200 字左右写出它的内容摘要。",
    "file": "D:\\软件\\XianRenZhangAgent\\xrz_data\\XianRenZhang_tasks\\conversations\\conv_deepseek_20260815_171331.json",
    "created_at": "2026-08-15T17:13:31.529579",
    "updated_at": "2026-08-15T17:13:31.529602"
   },
   {
    "id": "deepseek_20260812_121906_06510",
    "platform": "deepseek",
    "url": "https://chat.deepseek.com/a/chat/s/232c682e-37d4-4d9b-9329-1b488e1532ba",
    "title": "请生成一份 Word 报告，保存到 C:\\Users\\X.LAPTOP-CA1GJQE3\\Desktop\\test\\report.docx，标题为《仙人掌 Agent 自测报告》，下面包含3个小节：一、功能概览；二、测试结论；三、下一步计划。",
    "file": "D:\\软件\\XianRenZhangAgent\\xrz_data\\XianRenZhang_tasks\\conversations\\conv_deepseek_20260812_121906.json",
    "created_at": "2026-08-12T12:19:06.652904",
    "updated_at": "2026-08-12T12:19:06.652918"
   },
   {
    "id": "deepseek_20260812_121825_55808",
    "platform": "deepseek",
    "url": "https://chat.deepseek.com/a/chat/s/232c682e-37d4-4d9b-9329-1b488e1532ba",
    "title": "请生成一份 Word 报告，保存到 C:\\Users\\X.LAPTOP-CA1GJQE3\\Desktop\\test\\report.docx，标题为《仙人掌 Agent 自测报告》，下面包含3个小节：一、功能概览；二、测试结论；三、下一步计划。",
    "file": "D:\\软件\\XianRenZhangAgent\\xrz_data\\XianRenZhang_tasks\\conversations\\conv_deepseek_20260812_121825.json",
    "created_at": "2026-08-12T12:18:25.304755",
    "updated_at": "2026-08-12T12:18:25.304766"
   },
   {
    "id": "deepseek_20260812_121745_54360",
    "platform": "deepseek",
    "url": "https://chat.deepseek.com/a/chat/s/29948cc1-6e02-4155-b8aa-834ca0c79f90",
    "title": "请生成一份 Word 报告，保存到 C:\\Users\\X.LAPTOP-CA1GJQE3\\Desktop\\test\\report.docx，标题为《仙人掌 Agent 自测报告》，下面包含3个小节：一、功能概览；二、测试结论；三、下一步计划。",
    "file": "D:\\软件\\XianRenZhangAgent\\xrz_data\\XianRenZhang_tasks\\conversations\\conv_deepseek_20260812_121745.json",
    "created_at": "2026-08-12T12:17:45.341733",
    "updated_at": "2026-08-12T12:17:45.341745"
   },
   {
    "id": "deepseek_20260812_121226_27784",
    "platform": "deepseek",
    "url": "https://chat.deepseek.com/a/chat/s/8df5ce65-96ba-4989-9509-9b368498c481",
    "title": "请阅读我附加的 PDF 文件，并用 200 字左右写出它的内容摘要。",
    "file": "D:\\软件\\XianRenZhangAgent\\xrz_data\\XianRenZhang_tasks\\conversations\\conv_deepseek_20260812_121226.json",
    "created_at": "2026-08-12T12:12:26.341767",
    "updated_at": "2026-08-12T12:12:26.341790"
   },
   {
    "id": "deepseek_20260812_121131_66582",
    "platform": "deepseek",
    "url": "https://chat.deepseek.com/a/chat/s/8df5ce65-96ba-4989-9509-9b368498c481",
    "title": "请阅读我附加的 PDF 文件，并用 200 字左右写出它的内容摘要。",
    "file": "D:\\软件\\XianRenZhangAgent\\xrz_data\\XianRenZhang_tasks\\conversations\\conv_deepseek_20260812_121131.json",
    "created_at": "2026-08-12T12:11:31.195848",
    "updated_at": "2026-08-12T12:11:31.195863"
   },
   {
    "id": "deepseek_20260812_121105_91487",
    "platform": "deepseek",
    "url": "https://chat.deepseek.com/a/chat/s/8df5ce65-96ba-4989-9509-9b368498c481",
    "title": "请阅读我附加的 PDF 文件，并用 200 字左右写出它的内容摘要。",
    "file": "D:\\软件\\XianRenZhangAgent\\xrz_data\\XianRenZhang_tasks\\conversations\\conv_deepseek_20260812_121105.json",
    "created_at": "2026-08-12T12:11:05.763328",
    "updated_at": "2026-08-12T12:11:05.763339"
   },
   {
    "id": "deepseek_20260812_121026_64934",
    "platform": "deepseek",
    "url": "https://chat.deepseek.com/a/chat/s/8df5ce65-96ba-4989-9509-9b368498c481",
    "title": "请阅读我附加的 PDF 文件，并用 200 字左右写出它的内容摘要。",
    "file": "D:\\软件\\XianRenZhangAgent\\xrz_data\\XianRenZhang_tasks\\conversations\\conv_deepseek_20260812_121026.json",
    "created_at": "2026-08-12T12:10:26.734914",
    "updated_at": "2026-08-12T12:10:26.734932"
   },
   {
    "id": "deepseek_20260812_121001_04867",
    "platform": "deepseek",
    "url": "https://chat.deepseek.com/a/chat/s/8df5ce65-96ba-4989-9509-9b368498c481",
    "title": "请阅读我附加的 PDF 文件，并用 200 字左右写出它的内容摘要。",
    "file": "D:\\软件\\XianRenZhangAgent\\xrz_data\\XianRenZhang_tasks\\conversations\\conv_deepseek_20260812_121000.json",
    "created_at": "2026-08-12T12:10:01.044964",
    "updated_at": "2026-08-12T12:10:01.044976"
   },
   {
    "id": "deepseek_20260812_120922_31111",
    "platform": "deepseek",
    "url": "https://chat.deepseek.com/a/chat/s/8df5ce65-96ba-4989-9509-9b368498c481",
    "title": "请阅读我附加的 PDF 文件，并用 200 字左右写出它的内容摘要。",
    "file": "D:\\软件\\XianRenZhangAgent\\xrz_data\\XianRenZhang_tasks\\conversations\\conv_deepseek_20260812_120922.json",
    "created_at": "2026-08-12T12:09:22.856285",
    "updated_at": "2026-08-12T12:09:22.856309"
   },
   {
    "id": "deepseek_20260812_120859_79119",
    "platform": "deepseek",
    "url": "https://chat.deepseek.com/a/chat/s/8df5ce65-96ba-4989-9509-9b368498c481",
    "title": "请阅读我附加的 PDF 文件，并用 200 字左右写出它的内容摘要。",
    "file": "D:\\软件\\XianRenZhangAgent\\xrz_data\\XianRenZhang_tasks\\conversations\\conv_deepseek_20260812_120859.json",
    "created_at": "2026-08-12T12:08:59.701860",
    "updated_at": "2026-08-12T12:08:59.701879"
   },
   {
    "id": "deepseek_20260812_120825_07800",
    "platform": "deepseek",
    "url": "https://chat.deepseek.com/a/chat/s/f7938c3a-9ea2-4111-9174-ca758680a330",
    "title": "请生成一份 Word 报告，保存到 C:\\Users\\X.LAPTOP-CA1GJQE3\\Desktop\\test\\report.docx，标题为《仙人掌 Agent 自测报告》，下面包含3个小节：一、功能概览；二、测试结论；三、下一步计划。",
    "file": "D:\\软件\\XianRenZhangAgent\\xrz_data\\XianRenZhang_tasks\\conversations\\conv_deepseek_20260812_120825.json",
    "created_at": "2026-08-12T12:08:25.238841",
    "updated_at": "2026-08-12T12:08:25.238854"
   },
   {
    "id": "deepseek_20260812_120722_26299",
    "platform": "deepseek",
    "url": "https://chat.deepseek.com/a/chat/s/f7938c3a-9ea2-4111-9174-ca758680a330",
    "title": "请生成一份 Word 报告，保存到 C:\\Users\\X.LAPTOP-CA1GJQE3\\Desktop\\test\\report.docx，标题为《仙人掌 Agent 自测报告》，下面包含3个小节：一、功能概览；二、测试结论；三、下一步计划。",
    "file": "D:\\软件\\XianRenZhangAgent\\xrz_data\\XianRenZhang_tasks\\conversations\\conv_deepseek_20260812_120722.json",
    "created_at": "2026-08-12T12:07:22.177369",
    "updated_at": "2026-08-12T12:07:22.177387"
   },
   {
    "id": "deepseek_20260812_120609_65689",
    "platform": "deepseek",
    "url": "https://chat.deepseek.com/a/chat/s/f7938c3a-9ea2-4111-9174-ca758680a330",
    "title": "请生成一份 Word 报告，保存到 C:\\Users\\X.LAPTOP-CA1GJQE3\\Desktop\\test\\report.docx，标题为《仙人掌 Agent 自测报告》，下面包含3个小节：一、功能概览；二、测试结论；三、下一步计划。",
    "file": "D:\\软件\\XianRenZhangAgent\\xrz_data\\XianRenZhang_tasks\\conversations\\conv_deepseek_20260812_120609.json",
    "created_at": "2026-08-12T12:06:09.898906",
    "updated_at": "2026-08-12T12:06:09.898929"
   },
   {
    "id": "tongyi_20260812_120124_34787",
    "platform": "tongyi",
    "url": "https://chat.qwen.ai/c/2a0f4acb-306b-468d-a93e-310c24e4ccc8",
    "title": "请用通俗的话解释一下 TCP 三次握手是什么。",
    "file": "D:\\软件\\XianRenZhangAgent\\xrz_data\\XianRenZhang_tasks\\conversations\\conv_tongyi_20260812_120124.json",
    "created_at": "2026-08-12T12:01:24.225711",
    "updated_at": "2026-08-12T12:01:24.225761"
   },
   {
    "id": "deepseek_20260812_115242_43340",
    "platform": "deepseek",
    "url": "https://chat.deepseek.com/a/chat/s/fdb52508-a2ca-47ee-b296-74bb4d6497a5",
    "title": "请阅读我附加的 PDF 文件，并用 200 字左右写出它的内容摘要。",
    "file": "D:\\软件\\XianRenZhangAgent\\xrz_data\\XianRenZhang_tasks\\conversations\\conv_deepseek_20260812_115242.json",
    "created_at": "2026-08-12T11:52:42.640110",
    "updated_at": "2026-08-12T11:52:42.640117"
   },
   {
    "id": "deepseek_20260812_115159_08158",
    "platform": "deepseek",
    "url": "https://chat.deepseek.com/a/chat/s/29db8662-1383-4080-8b44-efe4c2b9fabb",
    "title": "请生成一份 Word 报告，保存到 C:\\Users\\X.LAPTOP-CA1GJQE3\\Desktop\\test\\report.docx，标题为《仙人掌 Agent 自测报告》，下面包含3个小节：一、功能概览；二、测试结论；三、下一步计划。",
    "file": "D:\\软件\\XianRenZhangAgent\\xrz_data\\XianRenZhang_tasks\\conversations\\conv_deepseek_20260812_115159.json",
    "created_at": "2026-08-12T11:51:59.988062",
    "updated_at": "2026-08-12T11:51:59.988072"
   },
   {
    "id": "deepseek_20260812_115018_16905",
    "platform": "deepseek",
    "url": "https://chat.deepseek.com/a/chat/s/75b46978-2182-48c0-8597-b14c9de18750",
    "title": "请生成一份 Word 报告，保存到 C:\\Users\\X.LAPTOP-CA1GJQE3\\Desktop\\test\\report.docx，标题为《仙人掌 Agent 自测报告》，下面包含3个小节：一、功能概览；二、测试结论；三、下一步计划。",
    "file": "D:\\软件\\XianRenZhangAgent\\xrz_data\\XianRenZhang_tasks\\conversations\\conv_deepseek_20260812_115018.json",
    "created_at": "2026-08-12T11:50:18.817854",
    "updated_at": "2026-08-12T11:50:18.817867"
   },
   {
    "id": "deepseek_20260812_114946_50506",
    "platform": "deepseek",
    "url": "https://chat.deepseek.com/a/chat/s/75b46978-2182-48c0-8597-b14c9de18750",
    "title": "请生成一份 Word 报告，保存到 C:\\Users\\X.LAPTOP-CA1GJQE3\\Desktop\\test\\report.docx，标题为《仙人掌 Agent 自测报告》，下面包含3个小节：一、功能概览；二、测试结论；三、下一步计划。",
    "file": "D:\\软件\\XianRenZhangAgent\\xrz_data\\XianRenZhang_tasks\\conversations\\conv_deepseek_20260812_114946.json",
    "created_at": "2026-08-12T11:49:46.517279",
    "updated_at": "2026-08-12T11:49:46.517289"
   },
   {
    "id": "deepseek_20260812_114907_99376",
    "platform": "deepseek",
    "url": "https://chat.deepseek.com/a/chat/s/75b46978-2182-48c0-8597-b14c9de18750",
    "title": "请生成一份 Word 报告，保存到 C:\\Users\\X.LAPTOP-CA1GJQE3\\Desktop\\test\\report.docx，标题为《仙人掌 Agent 自测报告》，下面包含3个小节：一、功能概览；二、测试结论；三、下一步计划。",
    "file": "D:\\软件\\XianRenZhangAgent\\xrz_data\\XianRenZhang_tasks\\conversations\\conv_deepseek_20260812_114907.json",
    "created_at": "2026-08-12T11:49:07.514691",
    "updated_at": "2026-08-12T11:49:07.514707"
   },
   {
    "id": "deepseek_20260812_114826_95616",
    "platform": "deepseek",
    "url": "https://chat.deepseek.com/a/chat/s/75b46978-2182-48c0-8597-b14c9de18750",
    "title": "请生成一份 Word 报告，保存到 C:\\Users\\X.LAPTOP-CA1GJQE3\\Desktop\\test\\report.docx，标题为《仙人掌 Agent 自测报告》，下面包含3个小节：一、功能概览；二、测试结论；三、下一步计划。",
    "file": "D:\\软件\\XianRenZhangAgent\\xrz_data\\XianRenZhang_tasks\\conversations\\conv_deepseek_20260812_114826.json",
    "created_at": "2026-08-12T11:48:26.788370",
    "updated_at": "2026-08-12T11:48:26.788378"
   },
   {
    "id": "deepseek_20260812_114521_25705",
    "platform": "deepseek",
    "url": "https://chat.deepseek.com/a/chat/s/4e795bf1-5b68-4a61-a074-2b56a8f8caec",
    "title": "请生成一份 Word 报告，保存到 C:\\Users\\X.LAPTOP-CA1GJQE3\\Desktop\\test\\report.docx，标题为《仙人掌 Agent 自测报告》，下面包含3个小节：一、功能概览；二、测试结论；三、下一步计划。",
    "file": "D:\\软件\\XianRenZhangAgent\\xrz_data\\XianRenZhang_tasks\\conversations\\conv_deepseek_20260812_114520.json",
    "created_at": "2026-08-12T11:45:21.013705",
    "updated_at": "2026-08-12T11:45:21.013730"
   },
   {
    "id": "deepseek_20260812_114309_69155",
    "platform": "deepseek",
    "url": "https://chat.deepseek.com/a/chat/s/4e795bf1-5b68-4a61-a074-2b56a8f8caec",
    "title": "请生成一份 Word 报告，保存到 C:\\Users\\X.LAPTOP-CA1GJQE3\\Desktop\\test\\report.docx，标题为《仙人掌 Agent 自测报告》，下面包含3个小节：一、功能概览；二、测试结论；三、下一步计划。",
    "file": "D:\\软件\\XianRenZhangAgent\\xrz_data\\XianRenZhang_tasks\\conversations\\conv_deepseek_20260812_114309.json",
    "created_at": "2026-08-12T11:43:09.511958",
    "updated_at": "2026-08-12T11:43:09.511977"
   },
   {
    "id": "deepseek_20260812_114127_18044",
    "platform": "deepseek",
    "url": "https://chat.deepseek.com/a/chat/s/4e795bf1-5b68-4a61-a074-2b56a8f8caec",
    "title": "请生成一份 Word 报告，保存到 C:\\Users\\X.LAPTOP-CA1GJQE3\\Desktop\\test\\report.docx，标题为《仙人掌 Agent 自测报告》，下面包含3个小节：一、功能概览；二、测试结论；三、下一步计划。",
    "file": "D:\\软件\\XianRenZhangAgent\\xrz_data\\XianRenZhang_tasks\\conversations\\conv_deepseek_20260812_114127.json",
    "created_at": "2026-08-12T11:41:27.558122",
    "updated_at": "2026-08-12T11:41:27.558135"
   },
   {
    "id": "deepseek_20260812_113935_91219",
    "platform": "deepseek",
    "url": "https://chat.deepseek.com/a/chat/s/4e795bf1-5b68-4a61-a074-2b56a8f8caec",
    "title": "请生成一份 Word 报告，保存到 C:\\Users\\X.LAPTOP-CA1GJQE3\\Desktop\\test\\report.docx，标题为《仙人掌 Agent 自测报告》，下面包含3个小节：一、功能概览；二、测试结论；三、下一步计划。",
    "file": "D:\\软件\\XianRenZhangAgent\\xrz_data\\XianRenZhang_tasks\\conversations\\conv_deepseek_20260812_113935.json",
    "created_at": "2026-08-12T11:39:35.824117",
    "updated_at": "2026-08-12T11:39:35.824139"
   },
   {
    "id": "deepseek_20260812_113804_36029",
    "platform": "deepseek",
    "url": "https://chat.deepseek.com/a/chat/s/4e795bf1-5b68-4a61-a074-2b56a8f8caec",
    "title": "请生成一份 Word 报告，保存到 C:\\Users\\X.LAPTOP-CA1GJQE3\\Desktop\\test\\report.docx，标题为《仙人掌 Agent 自测报告》，下面包含3个小节：一、功能概览；二、测试结论；三、下一步计划。",
    "file": "D:\\软件\\XianRenZhangAgent\\xrz_data\\XianRenZhang_tasks\\conversations\\conv_deepseek_20260812_113804.json",
    "created_at": "2026-08-12T11:38:04.778215",
    "updated_at": "2026-08-12T11:38:04.778234"
   },
   {
    "id": "deepseek_20260812_113614_16431",
    "platform": "deepseek",
    "url": "https://chat.deepseek.com/a/chat/s/4e795bf1-5b68-4a61-a074-2b56a8f8caec",
    "title": "请生成一份 Word 报告，保存到 C:\\Users\\X.LAPTOP-CA1GJQE3\\Desktop\\test\\report.docx，标题为《仙人掌 Agent 自测报告》，下面包含3个小节：一、功能概览；二、测试结论；三、下一步计划。",
    "file": "D:\\软件\\XianRenZhangAgent\\xrz_data\\XianRenZhang_tasks\\conversations\\conv_deepseek_20260812_113614.json",
    "created_at": "2026-08-12T11:36:14.153365",
    "updated_at": "2026-08-12T11:36:14.153385"
   },
   {
    "id": "deepseek_20260812_113400_60879",
    "platform": "deepseek",
    "url": "https://chat.deepseek.com/a/chat/s/4e795bf1-5b68-4a61-a074-2b56a8f8caec",
    "title": "请生成一份 Word 报告，保存到 C:\\Users\\X.LAPTOP-CA1GJQE3\\Desktop\\test\\report.docx，标题为《仙人掌 Agent 自测报告》，下面包含3个小节：一、功能概览；二、测试结论；三、下一步计划。",
    "file": "D:\\软件\\XianRenZhangAgent\\xrz_data\\XianRenZhang_tasks\\conversations\\conv_deepseek_20260812_113400.json",
    "created_at": "2026-08-12T11:34:00.765786",
    "updated_at": "2026-08-12T11:34:00.765816"
   }
  ]
 }
}
